#
# Encoding: Unicode (UTF-8)
#


DROP TABLE IF EXISTS `garment_type`;
DROP TABLE IF EXISTS `pattern_collection`;
DROP TABLE IF EXISTS `pattern_company`;
DROP TABLE IF EXISTS `pattern_for`;
DROP TABLE IF EXISTS `patterns`;
DROP TABLE IF EXISTS `patterns_garment_type`;
DROP TABLE IF EXISTS `patterns_pattern_for`;


CREATE TABLE `garment_type` (
  `id` int(11) NOT NULL DEFAULT '0',
  `name` varchar(128) DEFAULT NULL,
  `slug` varchar(128) DEFAULT NULL,
  `parent-id` varchar(128) DEFAULT NULL,
  PRIMARY KEY (`id`)
) ENGINE=InnoDB DEFAULT CHARSET=utf8;


CREATE TABLE `pattern_collection` (
  `id` int(11) NOT NULL AUTO_INCREMENT,
  `name` varchar(128) NOT NULL DEFAULT '',
  `slug` varchar(128) DEFAULT NULL,
  `pattern_company_id` int(11) DEFAULT '0',
  PRIMARY KEY (`id`),
  KEY `pattern_company_id` (`pattern_company_id`),
  CONSTRAINT `pattern_collection_ibfk_1` FOREIGN KEY (`pattern_company_id`) REFERENCES `pattern_company` (`id`)
) ENGINE=InnoDB AUTO_INCREMENT=47 DEFAULT CHARSET=utf8;


CREATE TABLE `pattern_company` (
  `id` int(11) NOT NULL AUTO_INCREMENT,
  `name` varchar(128) DEFAULT NULL,
  `slug` varchar(128) DEFAULT NULL,
  PRIMARY KEY (`id`)
) ENGINE=InnoDB AUTO_INCREMENT=6 DEFAULT CHARSET=utf8;


CREATE TABLE `pattern_for` (
  `id` int(11) NOT NULL AUTO_INCREMENT,
  `name` varchar(128) DEFAULT NULL,
  `slug` varchar(128) DEFAULT NULL,
  PRIMARY KEY (`id`)
) ENGINE=InnoDB AUTO_INCREMENT=3 DEFAULT CHARSET=utf8;


CREATE TABLE `patterns` (
  `id` int(11) NOT NULL AUTO_INCREMENT,
  `pattern_company_id` int(11) DEFAULT '0',
  `pattern_number` varchar(128) DEFAULT NULL,
  `pattern_collection_id` int(11) DEFAULT NULL,
  `url` varchar(500) DEFAULT NULL,
  `main_image` varchar(500) DEFAULT NULL,
  `line_drawing` varchar(500) DEFAULT NULL,
  `description` varchar(2000) DEFAULT NULL,
  PRIMARY KEY (`id`),
  KEY `pattern_company_id` (`pattern_company_id`),
  KEY `pattern_collection_id` (`pattern_collection_id`),
  CONSTRAINT `patterns_ibfk_1` FOREIGN KEY (`pattern_company_id`) REFERENCES `pattern_company` (`id`),
  CONSTRAINT `patterns_ibfk_2` FOREIGN KEY (`pattern_collection_id`) REFERENCES `pattern_collection` (`id`)
) ENGINE=InnoDB AUTO_INCREMENT=377 DEFAULT CHARSET=utf8;


CREATE TABLE `patterns_garment_type` (
  `pattern_id` int(11) DEFAULT NULL,
  `garment_type_id` int(128) DEFAULT '0',
  KEY `pattern_id` (`pattern_id`),
  KEY `garment_type_id` (`garment_type_id`),
  CONSTRAINT `patterns_garment_type_ibfk_2` FOREIGN KEY (`garment_type_id`) REFERENCES `garment_type` (`id`),
  CONSTRAINT `patterns_garment_type_ibfk_1` FOREIGN KEY (`pattern_id`) REFERENCES `patterns` (`id`)
) ENGINE=InnoDB DEFAULT CHARSET=utf8;


CREATE TABLE `patterns_pattern_for` (
  `pattern_id` int(11) DEFAULT NULL,
  `pattern_for_id` int(11) DEFAULT NULL,
  KEY `pattern_id` (`pattern_id`),
  KEY `pattern_for_id` (`pattern_for_id`),
  CONSTRAINT `patterns_pattern_for_ibfk_2` FOREIGN KEY (`pattern_for_id`) REFERENCES `pattern_for` (`id`),
  CONSTRAINT `patterns_pattern_for_ibfk_1` FOREIGN KEY (`pattern_id`) REFERENCES `patterns` (`id`)
) ENGINE=InnoDB DEFAULT CHARSET=utf8;




SET FOREIGN_KEY_CHECKS = 0;


LOCK TABLES `garment_type` WRITE;
INSERT INTO `garment_type` (`id`, `name`, `slug`, `parent-id`) VALUES (0, 'Shirt', 'shirt', NULL), (1, 'Dress', 'dress', NULL), (2, 'Skirt', 'skirt', NULL), (3, 'Jacket', 'jacket', NULL), (4, 'Trousers', 'trousers', NULL), (5, 'Top', 'top', NULL), (6, 'Pants', 'pants', NULL), (7, 'Shorts', 'shorts', NULL), (8, 'Tunic', 'tunic', NULL), (9, 'Coat', 'coat', NULL), (10, 'Cape', 'cape', NULL), (11, 'Jumpsuit', 'jumpsuit', NULL), (12, 'Vest', 'vest', NULL), (13, 'Robe', 'robe', NULL), (14, 'Gown', 'gown', NULL), (15, 'Corset', 'corset', NULL), (16, 'Maternity', 'maternity', NULL), (17, 'Jeans', 'jeans', NULL), (18, 'Fitting Shell', 'fitting-shell', NULL), (19, 'Petite', 'petite', NULL);
UNLOCK TABLES;


LOCK TABLES `pattern_collection` WRITE;
INSERT INTO `pattern_collection` (`id`, `name`, `slug`, `pattern_company_id`) VALUES (1, 'Bellville Sassoon', 'belleville-sassoon', 1), (2, 'Anne Klein', 'anne-klein', 1), (3, 'Fashion Star, Easy', NULL, 5), (4, 'Cynthia Steffe', NULL, 1), (5, 'Claire Shaeffer', NULL, NULL), (6, 'Today', NULL, NULL), (7, 'Vogue Wardrobe', NULL, 1), (8, 'Rachel Comey', NULL, 1), (10, 'Vogue Easy Options, Custom Fit', NULL, 1), (11, 'Vintage Vogue', NULL, 1), (12, 'Lialia by Julia Alarcon', NULL, NULL), (13, 'Easy', NULL, NULL), (14, 'Patterns by Gertie', NULL, NULL), (15, 'Vogue Easy Options', NULL, 1), (16, 'Very Easy Vogue', NULL, 1), (17, 'Kay Unger', NULL, 1), (18, 'Donna Karan', NULL, 1), (19, 'Badgley Mischka Platinum', NULL, 1), (20, 'Rebecca Taylor', NULL, 1), (21, 'Chado Ralph Rucci', NULL, 1), (22, 'Custom Fit', NULL, NULL), (23, 'Easy, A/B, C & D Cup Sizes', NULL, NULL), (24, 'Palmer/Pletsch', NULL, 5), (25, 'Tracy Reese Plenty, Easy', NULL, 5), (26, 'So Hot...Sew Now!', NULL, 5), (27, 'Rebecca Turbow, Easy', NULL, 5), (28, 'Badgley Mischka', NULL, 1), (29, 'Katherine Tilton', NULL, 1), (30, 'DKNY', NULL, 1), (31, 'Koos van den Akker', NULL, 1), (32, 'Tracy Reese', NULL, 1), (33, 'AKO', NULL, 1), (34, 'Sandra Betzina', NULL, 1), (35, 'Tom and Linda Platt', NULL, 1), (36, 'Marcy Tilton', NULL, 1), (37, 'Very Easy Vogue Custom Fit', NULL, 1), (38, 'Pamella Roland', NULL, 1), (39, 'Five Easy Pieces', NULL, 1), (40, 'Vogue Basic Design', NULL, 1), (41, 'Elizabeth Gillett NYC', NULL, 1), (42, 'Vogue Basic Design Custom Fit', NULL, 1), (43, 'Issey Miyake', NULL, 1), (44, 'Lynn Mizono', NULL, 1), (45, 'Vena Cava', NULL, 1), (46, 'Vogue Bridal Original', NULL, 1);
UNLOCK TABLES;


LOCK TABLES `pattern_company` WRITE;
INSERT INTO `pattern_company` (`id`, `name`, `slug`) VALUES (1, 'Vogue Patterns', 'vogue-patterns'), (2, 'New Look', 'new-look'), (3, 'Simplicity', 'simplicity'), (4, 'Sewaholic', 'sewaholic'), (5, 'McCall\'s', 'mccalls');
UNLOCK TABLES;


LOCK TABLES `pattern_for` WRITE;
INSERT INTO `pattern_for` (`id`, `name`, `slug`) VALUES (1, 'Women', 'women'), (2, 'Men', 'men');
UNLOCK TABLES;


LOCK TABLES `patterns` WRITE;
INSERT INTO `patterns` (`id`, `pattern_company_id`, `pattern_number`, `pattern_collection_id`, `url`, `main_image`, `line_drawing`, `description`) VALUES (61, 1, '8766', 15, 'http://voguepatterns.mccall.com/v8766-products-15146.php?page_id=174', 'http://voguepatterns.mccall.com/filebin/images/product_images/Full/V8766.jpg', 'http://voguepatterns.mccall.com/newsletters/img.sewingtoday.com/cat/20000/add_img/V8766.gif', 'Lined dress has underlined bodice variations and narrow hem. A, B and C close-fitting, boned bodice and princess seams. D, E and F fitted bodice. D purchased belt. C and F purchased ribbon for belt. E and F pleated sleeve cap. Note all garments are cut on the crosswise grain of fabric.'), (62, 1, '8648', 15, 'http://voguepatterns.mccall.com/v8648-products-11100.php?page_id=857', 'http://voguepatterns.mccall.com/filebin/images/product_images/Full/V8648.jpg', 'http://voguepatterns.mccall.com/newsletters/img.sewingtoday.com/cat/20000/add_img/V8648.gif', 'Lined dresses A, B, C, D, E, F, fitted through bust, mid-knee, have princess seams, bias midriff and back zipper. A, B, C bias sides, straight skirt with back slit. B contrast sides and midriff. D, E, F bias side bodice, circular skirt, narrow hem. E contrast bodice. C, F above elbow sleeves.'), (63, 1, '8815', 16, 'http://voguepatterns.mccall.com/v8815-products-22897.php?page_id=174', 'http://voguepatterns.mccall.com/filebin/images/product_images/Full/V8815.jpg', 'http://voguepatterns.mccall.com/newsletters/img.sewingtoday.com/cat/20000/add_img/V8815.gif', 'Fitted top has raised waist/hemline variations and narrow hem. A and B back zipper. C pullover, wrong side shows (back hemline), back neck slit with hook/eye closing. B and C stitched hems on sleeves. Purchase bias tape to finish necklines and armholes A.'), (64, 1, '1341', 18, 'http://voguepatterns.mccall.com/v1341-products-44835.php', 'http://voguepatterns.mccall.com/filebin/images/product_images/Full/V1341.jpg', 'http://voguepatterns.mccall.com/newsletters/img.sewingtoday.com/cat/20000/add_img/V1341.gif', 'Close-fitting, lined dress has front and back cut in one with right sleeve, tucked left shoulder, pleated left skirt, pleated yoke back/sleeves, pleated left sleeve, shaped back inset, invisible left side back zipper, and no side seams. Note no provisions provided for above or below waist adjustment.'), (65, 1, '8667', 15, 'http://voguepatterns.mccall.com/v8667-products-11347.php?page_id=855', 'http://voguepatterns.mccall.com/filebin/images/product_images/Full/V8667.jpg', 'http://voguepatterns.mccall.com/newsletters/img.sewingtoday.com/cat/20000/add_img/V8667.gif', 'Lined, mid-knee length dresses A, B, C, D, E, F have fitted bodice, princess seams, A-line or straight skirt and back zipper. A, B, C front pleated skirt. E contrast skirt. B, C, E cap sleeves. D, E, F back hemline slit. A, B, D, E collar. Purchased belt.'), (66, 1, '1174', 4, 'http://voguepatterns.mccall.com/v1174-products-11082.php?page_id=174', 'http://voguepatterns.mccall.com/filebin/images/product_images/Full/V1174.jpg', 'http://voguepatterns.mccall.com/newsletters/img.sewingtoday.com/cat/20000/add_img/V1174.gif', 'Close-fitting, strapless, lined dress has seam details, piping trim, princess seams, foundation with boning, side front pockets, pleats and darts, above mid-knee length.'), (67, 1, '1273', 19, 'http://voguepatterns.mccall.com/v1273-products-15136.php?page_id=944', 'http://voguepatterns.mccall.com/filebin/images/product_images/Full/V1273.jpg', 'http://voguepatterns.mccall.com/newsletters/img.sewingtoday.com/cat/20000/add_img/V1273.gif', 'Lined dress has close-fitting, fully interfaced, boned bodice with princess seams, foundation, bias, pleated drape, pleated knot, semi-fitted skirt with side front pleats and pockets, and invisible back zipper.'), (68, 1, '8685', 15, 'http://voguepatterns.mccall.com/v8685-products-13209.php?page_id=857', 'http://voguepatterns.mccall.com/filebin/images/product_images/Full/V8685.jpg', 'http://voguepatterns.mccall.com/newsletters/img.sewingtoday.com/cat/20000/add_img/V8685.gif', 'Close-fitting, mid-knee or below mid-calf length dresses A, B, C, D, E, F have bodice with pleats and darts, midriff, yoke, topstitched trim and back zipper. A, B, D, E cap raglan sleeves. C, F long raglan sleeves. A, B, C tapered, back slit and stitched hem. D, E, F flared with narrow hem.'), (69, 1, '8848', NULL, 'http://voguepatterns.mccall.com/v8848-products-44608.php?page_id=857', 'http://voguepatterns.mccall.com/filebin/images/product_images/Full/V8848.jpg', 'http://voguepatterns.mccall.com/newsletters/img.sewingtoday.com/cat/20000/add_img/V8848.gif', 'Dress (close-fitting through bust) has seam detail, back zipper and narrow hem.'), (70, 1, '1004', NULL, 'http://voguepatterns.mccall.com/v1004-products-3938.php', 'http://voguepatterns.mccall.com/filebin/images/product_images/Full/V1004.jpg', 'http://voguepatterns.mccall.com/newsletters/img.sewingtoday.com/cat/20000/add_img/V1004.gif', NULL), (71, 1, '8633', 15, 'http://voguepatterns.mccall.com/v8633-products-10775.php?page_id=855', 'http://voguepatterns.mccall.com/filebin/images/product_images/Full/V8633.jpg', 'http://voguepatterns.mccall.com/newsletters/img.sewingtoday.com/cat/20000/add_img/V8633.gif', 'Close-fitting dresses A, B, C, D, E, F have lined bodice with darts, raised neckline with front slit, extended shoulders, inset and back zipper closing. A, F short sleeves. B, C, D, E sleeveless. A, B, C straight skirt. D, E, F flared skirt.'), (72, 1, '1227', 20, 'http://voguepatterns.mccall.com/v1227-products-13645.php?page_id=939', 'http://voguepatterns.mccall.com/filebin/images/product_images/Full/V1227.jpg', 'http://voguepatterns.mccall.com/newsletters/img.sewingtoday.com/cat/20000/add_img/V1227.gif', 'Fitted (through bustline), lined dress has bra with band, boning, partially interfaced, shoulder straps with optional sliders, flared skirt and overskirt with back pleats, topstitch trim, back invisible zipper and above mid-knee length.'), (73, 1, '1226', 20, 'http://voguepatterns.mccall.com/v1226-products-13644.php?page_id=1113', 'http://voguepatterns.mccall.com/filebin/images/product_images/Full/V1226.jpg', 'http://voguepatterns.mccall.com/newsletters/img.sewingtoday.com/cat/20000/add_img/V1226.gif', 'Loose-fitting, above mid-knee dress has dropped waist with blousing effect, side pockets, front bands, collars, front casing with elastic and self-ties, pleated sleeves with buttoned plackets, cuffs and stitched hem.'), (74, 1, '8827', NULL, 'http://voguepatterns.mccall.com/v8827-products-27102.php', 'http://voguepatterns.mccall.com/filebin/images/product_images/Full/V8827.jpg', 'http://voguepatterns.mccall.com/newsletters/img.sewingtoday.com/cat/20000/add_img/V8827.gif', 'Very loose-fitting, wrap dress has front extending into collar/draped front variations, self-lined yoke back, inside ties, and belt.'), (75, 1, '1162', 1, 'http://voguepatterns.mccall.com/v1162-products-10762.php?page_id=861', 'http://voguepatterns.mccall.com/filebin/images/product_images/Full/V1162.jpg', 'http://voguepatterns.mccall.com/newsletters/img.sewingtoday.com/cat/20000/add_img/V1162.gif', 'Fitted, straight, lined dress, mid-calf length, has contrast sleeve flower and pleated neckline ruffle extending into back armhole, front neckline self-fabric piping, front pleats, back princess seams, zipper and hemline vent. Purchased bra cups.'), (76, 1, '8849', 10, 'http://voguepatterns.mccall.com/v8849-products-44609.php?page_id=857', 'http://voguepatterns.mccall.com/filebin/images/product_images/Full/V8849.jpg', 'http://voguepatterns.mccall.com/newsletters/img.sewingtoday.com/cat/20000/add_img/V8849.gif', 'Lined dress has close-fitting bodice with princess seams, semi-fitted skirt, and invisible back zipper. B shoulder straps. D,E bodice overlay. E skirt overlay. A,D,F pleated peplum (wrong side shows) with very narrow hem. D,E,F upper sections. Custom fit for A,B,C,D cup sizes.'), (77, 1, '8360', NULL, 'http://voguepatterns.mccall.com/v8360-products-8121.php?page_id=943', 'http://voguepatterns.mccall.com/filebin/images/product_images/Full/V8360.jpg', 'http://voguepatterns.mccall.com/newsletters/img.sewingtoday.com/cat/20000/add_img/V8360.gif', 'Lined dresses A, B, C have pleated inset, shoulder strap variations, hook and eye closure, skirt with gathers and invisible zipper. C contrast inset, bodice overlay, overskirt and gathered shoulder straps.'), (78, 1, '1344', 20, 'http://voguepatterns.mccall.com/v1344-products-44838.php?page_id=1113', 'http://voguepatterns.mccall.com/filebin/images/product_images/Full/V1344.jpg', 'http://voguepatterns.mccall.com/newsletters/img.sewingtoday.com/cat/20000/add_img/V1344.gif', 'Pullover, mock wrap, lined dress has shoulder pleats, loose-fitting bodice, elasticized, seamed waist, front overlay (wrong side shows), bias armhole bands, and very narrow hem.'), (79, 1, '1271', 17, 'http://voguepatterns.mccall.com/v1271-products-15134.php?page_id=947', 'http://voguepatterns.mccall.com/filebin/images/product_images/Full/V1271.jpg', 'http://voguepatterns.mccall.com/newsletters/img.sewingtoday.com/cat/20000/add_img/V1271.gif', 'Lined dress, has close-fitting bodice, princess seams, midriff with attached belt, fitted skirt, bias pleated cap sleeves and invisible back zipper/vent. Bodice darts are stitched on the right side of fabric. Purchased decorative clasp buckle.'), (80, 1, '1346', 18, 'http://voguepatterns.mccall.com/v1346-products-44840.php', 'http://voguepatterns.mccall.com/filebin/images/product_images/Full/V1346.jpg', 'http://voguepatterns.mccall.com/newsletters/img.sewingtoday.com/cat/20000/add_img/V1346.gif', 'Very loose-fitting, unlined jacket has collar, front and sleeves cut-in-one (wrong side shows), side front seams/pockets, stitched hems and shaped hemline.'), (81, 1, '8846', 22, 'http://voguepatterns.mccall.com/v8846-products-44606.php?page_id=857', 'http://voguepatterns.mccall.com/filebin/images/product_images/Full/V8846.jpg', 'http://voguepatterns.mccall.com/newsletters/img.sewingtoday.com/cat/20000/add_img/V8846.gif', 'Fitted, lined dress has back overlay and zipper. A collar. B,C back pleated overlay. Custom fit for A,B,C,D cup sizes.'), (82, 1, '8828', 15, 'http://voguepatterns.mccall.com/v8828-products-27103.php?page_id=857', 'http://voguepatterns.mccall.com/filebin/images/product_images/Full/V8828.jpg', 'http://voguepatterns.mccall.com/newsletters/img.sewingtoday.com/cat/20000/add_img/V8828.gif', 'Lined dress has princess seams, fitted bodice, raised waist, semi- or loose-fitting skirt, back zipper and topstitching. Narrow hem. A,B flaps. F button trim and sleeve bands. C,F collar. D,E,F back slit. E,F welts. A,B,C,D cup sizes. Combinations A5(6-8-10-12-14), E5(14-16-18-20-22)'), (83, 1, '1263', 18, 'http://voguepatterns.mccall.com/v1263-products-14710.php?page_id=311', 'http://voguepatterns.mccall.com/filebin/images/product_images/Full/V1263.jpg', 'http://voguepatterns.mccall.com/newsletters/img.sewingtoday.com/cat/20000/add_img/V1263.gif', 'Very loose-fitting jacket has side front pockets and flat felled seams. No provisions made for above waist adjustment.'), (84, 1, '1360', 17, 'http://voguepatterns.mccall.com/v1360-products-47537.php?page_id=857', 'http://voguepatterns.mccall.com/filebin/images/product_images/Full/V1360.jpg', 'http://voguepatterns.mccall.com/newsletters/img.sewingtoday.com/cat/20000/add_img/V1360.gif', 'Close-fitting, lined dress has front godet, seam detail and invisible back zipper.'), (85, 1, '8930', 16, 'http://voguepatterns.mccall.com/v8930-products-47557.php?page_id=265', 'http://voguepatterns.mccall.com/filebin/images/product_images/Full/V8930.jpg', 'http://voguepatterns.mccall.com/newsletters/img.sewingtoday.com/cat/20000/add_img/V8930.gif', 'Very loose-fitting, wrap jacket has front extending into collar, and narrow hem. A and B single-layer, wrong side shows, and inside/outside pockets. C lined, side pockets. B and C shaped hemline.'), (86, 1, '8873', 15, 'http://voguepatterns.mccall.com/v8873-products-44845.php', 'http://voguepatterns.mccall.com/filebin/images/product_images/Full/V8873.jpg', 'http://voguepatterns.mccall.com/newsletters/img.sewingtoday.com/cat/20000/add_img/V8873.gif', 'Dress has bias overbodice, fitted, lined bodice and back zipper. A, B and C semi-fitted, lined skirt, side front pockets, and back hemline slit. D, E and F skirt cut on crosswise grain, narrow hem.'), (87, 1, '1230', 28, 'http://voguepatterns.mccall.com/v1230-products-13648.php?page_id=947', 'http://voguepatterns.mccall.com/filebin/images/product_images/Full/V1230.jpg', 'http://voguepatterns.mccall.com/newsletters/img.sewingtoday.com/cat/20000/add_img/V1230.gif', 'Close-fitting, lined dress has scoop neckline, front neckline pleats, princess seams, draped sleeves with pleats and front bows, back invisible zipper and above mid-knee length. Purchased appliques.'), (88, 1, '1317', 21, 'http://voguepatterns.mccall.com/v1317-products-27090.php?page_id=854', 'http://voguepatterns.mccall.com/filebin/images/product_images/Full/V1317.jpg', 'http://voguepatterns.mccall.com/newsletters/img.sewingtoday.com/cat/20000/add_img/V1317.gif', 'Dress has low neckline slit, close-fitting bodice cut-in-one with sleeves (slit), side back bodice extending into uderarm gusset, lined midriff, single-layer tie ends (wrongside shows), skirt with side front/side back seams, side front pockets/vents, invisible back zipper, stitched hems, and self-bias binding. Topstitching and edgestitching.'), (89, 1, '1259', 18, 'http://voguepatterns.mccall.com/v1259-products-14706.php', 'http://voguepatterns.mccall.com/filebin/images/product_images/Full/V1259.jpg', 'http://voguepatterns.mccall.com/newsletters/img.sewingtoday.com/cat/20000/add_img/V1259.gif', 'Close fitting. No provision provided for above waist adjustment. Raw edges of fabric will show on front and back seams of both garments.'), (90, 1, '8665', 16, 'http://voguepatterns.mccall.com/v8665-products-11345.php', 'http://voguepatterns.mccall.com/filebin/images/product_images/Full/V8665.jpg', 'http://voguepatterns.mccall.com/newsletters/img.sewingtoday.com/cat/20000/add_img/V8665.gif', 'Close-fitting, below mid-knee or below mid-calf length, flared dresses A, B have princess seams, neck and armhole finished with purchased bias tape.'), (91, 1, '8793', 29, 'http://voguepatterns.mccall.com/v8793-products-16435.php?page_id=260', 'http://voguepatterns.mccall.com/filebin/images/product_images/Full/V8793.jpg', 'http://voguepatterns.mccall.com/newsletters/img.sewingtoday.com/cat/20000/add_img/V8793.gif', 'Fitted, pullover top has inner/outer collars with zipper trim, long sleeves, cuffs and stitched hem. Contrast collar is cut on crosswise grain of fabric.'), (92, 1, '8828', 15, 'http://voguepatterns.mccall.com/v8828-products-27103.php?page_id=857', 'http://voguepatterns.mccall.com/filebin/images/product_images/Full/V8828.jpg', 'http://voguepatterns.mccall.com/newsletters/img.sewingtoday.com/cat/20000/add_img/V8828.gif', 'Lined dress has princess seams, fitted bodice, raised waist, semi- or loose-fitting skirt, back zipper and topstitching. Narrow hem. A,B flaps. F button trim and sleeve bands. C,F collar. D,E,F back slit. E,F welts. A,B,C,D cup sizes. Combinations A5(6-8-10-12-14), E5(14-16-18-20-22)'), (93, 1, '1275', 6, 'http://voguepatterns.mccall.com/v1275-products-15138.php', 'http://voguepatterns.mccall.com/filebin/images/product_images/Full/V1275.jpg', 'http://voguepatterns.mccall.com/newsletters/img.sewingtoday.com/cat/20000/add_img/V1275.gif', 'Close-fitting, pullover top has neckbinding and optional stitched hem on lower edge. A ruched front,and elastic forms ruched effect on sleeves. B self-lined sleeves with ruffles.'), (94, 1, '8815', 16, 'http://voguepatterns.mccall.com/v8815-products-22897.php', 'http://voguepatterns.mccall.com/filebin/images/product_images/Full/V8815.jpg', 'http://voguepatterns.mccall.com/newsletters/img.sewingtoday.com/cat/20000/add_img/V8815.gif', 'Fitted top has raised waist/hemline variations and narrow hem. A and B back zipper. C pullover, wrong side shows (back hemline), back neck slit with hook/eye closing. B and C stitched hems on sleeves. Purchase bias tape to finish necklines and armholes A.'), (95, 1, '1230', 28, 'http://voguepatterns.mccall.com/v1230-products-13648.php?page_id=947', 'http://voguepatterns.mccall.com/filebin/images/product_images/Full/V1230.jpg', 'http://voguepatterns.mccall.com/newsletters/img.sewingtoday.com/cat/20000/add_img/V1230.gif', 'Close-fitting, lined dress has scoop neckline, front neckline pleats, princess seams, draped sleeves with pleats and front bows, back invisible zipper and above mid-knee length. Purchased appliques.'), (96, 1, '1259', 18, 'http://voguepatterns.mccall.com/v1259-products-14706.php', 'http://voguepatterns.mccall.com/filebin/images/product_images/Full/V1259.jpg', 'http://voguepatterns.mccall.com/newsletters/img.sewingtoday.com/cat/20000/add_img/V1259.gif', 'Close fitting. No provision provided for above waist adjustment. Raw edges of fabric will show on front and back seams of both garments.'), (97, 1, '1344', 20, 'http://voguepatterns.mccall.com/v1344-products-44838.php', 'http://voguepatterns.mccall.com/filebin/images/product_images/Full/V1344.jpg', 'http://voguepatterns.mccall.com/newsletters/img.sewingtoday.com/cat/20000/add_img/V1344.gif', 'Pullover, mock wrap, lined dress has shoulder pleats, loose-fitting bodice, elasticized, seamed waist, front overlay (wrong side shows), bias armhole bands, and very narrow hem.'), (98, 1, '8774', NULL, 'http://voguepatterns.mccall.com/v8774-products-15154.php', 'http://voguepatterns.mccall.com/filebin/images/product_images/Full/V8774.jpg', 'http://voguepatterns.mccall.com/newsletters/img.sewingtoday.com/cat/20000/add_img/V8774.gif', 'Fitted, tapered or straight-legged jeans (below waist) have shaped waistband with hook/eye closure, carriers, front/back pockets, back yokes, and binding for front fly zipper closing. Topstitching and narrow hem. Purchased belt (approx. 2").'), (99, 1, '1349', 30, 'http://voguepatterns.mccall.com/v1349-products-46625.php?page_id=857', 'http://voguepatterns.mccall.com/filebin/images/product_images/Full/V1349.jpg', 'http://voguepatterns.mccall.com/newsletters/img.sewingtoday.com/cat/20000/add_img/V1349.gif', 'Charmeuse, Crepe de Chine and Jersey.'), (100, 1, '1220', 18, 'http://voguepatterns.mccall.com/v1220-products-13638.php?page_id=857', 'http://voguepatterns.mccall.com/filebin/images/product_images/Full/V1220.jpg', 'http://voguepatterns.mccall.com/newsletters/img.sewingtoday.com/cat/20000/add_img/V1220.gif', 'Loose-fitting, mid-knee length dress has shawl pleated collar, partial waistline seam, pleats, side slant pockets, princess seams in bodice back, back darts, short sleeves with turn back cuffs, stitched hem facing, right fly front button closure and tie belt.'), (101, 1, '8793', 29, 'http://voguepatterns.mccall.com/v8793-products-16435.php?page_id=4449', 'http://voguepatterns.mccall.com/filebin/images/product_images/Full/V8793.jpg', 'http://voguepatterns.mccall.com/newsletters/img.sewingtoday.com/cat/20000/add_img/V8793.gif', 'Fitted, pullover top has inner/outer collars with zipper trim, long sleeves, cuffs and stitched hem. Contrast collar is cut on crosswise grain of fabric.'), (102, 1, '8925', 16, 'http://voguepatterns.mccall.com/v8925-products-47552.php?page_id=174', 'http://voguepatterns.mccall.com/filebin/images/product_images/Full/V8925.jpg', 'http://voguepatterns.mccall.com/newsletters/img.sewingtoday.com/cat/20000/add_img/V8925.gif', 'Semi-fitting, pullover top has side front seams and stitched hems. A and B applied neck band, lapped seams and raw edge finish.'), (103, 1, '8749', 16, 'http://voguepatterns.mccall.com/v8749-products-14719.php?page_id=174', 'http://voguepatterns.mccall.com/filebin/images/product_images/Full/V8749.jpg', 'http://voguepatterns.mccall.com/newsletters/img.sewingtoday.com/cat/20000/add_img/V8749.gif', 'Flared, with waist facing, side seam pockets.'), (104, 1, '1250', 30, 'http://voguepatterns.mccall.com/v1250-products-14161.php', 'http://voguepatterns.mccall.com/filebin/images/product_images/Full/V1250.jpg', 'http://voguepatterns.mccall.com/newsletters/img.sewingtoday.com/cat/20000/add_img/V1250.gif', 'Close-fitting dress.'), (105, 1, '1301', 31, 'http://voguepatterns.mccall.com/v1301-products-22875.php', 'http://voguepatterns.mccall.com/filebin/images/product_images/Full/V1301.jpg', 'http://voguepatterns.mccall.com/newsletters/img.sewingtoday.com/cat/20000/add_img/V1301.gif', 'Very loose-fitting, pullover, lined dress has single-layer tie (wrong side shows), seam detail, seams stitched on right side of fabric with serge or zig-zag finish, and contrast variations. A cut-in armholes. B two-piece sleeves,and snap detachable tie .'), (106, 1, '1239', 21, 'http://voguepatterns.mccall.com/v1239-products-14150.php', 'http://voguepatterns.mccall.com/filebin/images/product_images/Full/V1239.jpg', 'http://voguepatterns.mccall.com/newsletters/img.sewingtoday.com/cat/20000/add_img/V1239.gif', 'Close-fitting, lined to edge dress has shoulder darts, side front pockets, inside ties, hook and eye closure.'), (107, 1, '8792', 15, 'http://voguepatterns.mccall.com/v8792-products-16434.php?page_id=866', 'http://voguepatterns.mccall.com/filebin/images/product_images/Full/V8792.jpg', 'http://voguepatterns.mccall.com/newsletters/img.sewingtoday.com/cat/20000/add_img/V8792.gif', 'Pullover top has neck band and seam detail. A,B and C bias, loose-fitting, front extends to upper back, back extends to upper front, no shoulder/side seams, and stitched hem. D, E and F close-fitting, bias lower front/lower back, raw edge finish and stitched hem on sleeves. Front and back cut on crosswise grain of fabric.'), (108, 1, '8849', 10, 'http://voguepatterns.mccall.com/v8849-products-44609.php?page_id=943', 'http://voguepatterns.mccall.com/filebin/images/product_images/Full/V8849.jpg', 'http://voguepatterns.mccall.com/newsletters/img.sewingtoday.com/cat/20000/add_img/V8849.gif', 'Lined dress has close-fitting bodice with princess seams, semi-fitted skirt, and invisible back zipper. B shoulder straps. D,E bodice overlay. E skirt overlay. A,D,F pleated peplum (wrong side shows) with very narrow hem. D,E,F upper sections. Custom fit for A,B,C,D cup sizes.'), (109, 1, '1281', 18, 'http://voguepatterns.mccall.com/v1281-products-16412.php', 'http://voguepatterns.mccall.com/filebin/images/product_images/Full/V1281.jpg', 'http://voguepatterns.mccall.com/newsletters/img.sewingtoday.com/cat/20000/add_img/V1281.gif', 'Dress has no side seams, very close-fitting, lined bodice, single-layer, pleated shoulder strap looped through front pleated drape, front wrap skirt cut-in-one with back, raised waist, and invisible back zipper. Strap/bodice narrow hem. Bodice lining elasticized upper edge. Note no provisions provided for above waist adjustments.'), (110, 1, '8857', 15, 'http://voguepatterns.mccall.com/v8857-products-44617.php?page_id=866', 'http://voguepatterns.mccall.com/filebin/images/product_images/Full/V8857.jpg', 'http://voguepatterns.mccall.com/newsletters/img.sewingtoday.com/cat/20000/add_img/V8857.gif', 'Fitted blouse or tunic has front tucks/button band, shaped hemline, and narrow hem. A,B,C bias neck binding extends into tie ends, flounces (wrong side show), with unfinished hem. A and D stitched hem on sleeves. E and F pleated sleeves. B,C,E,F seam opening on sleeves with button cuff, thread loop (B,C). D,E,F collar band, D,F(collar).'), (111, 1, '8858', NULL, 'http://voguepatterns.mccall.com/v8858-products-44618.php', 'http://voguepatterns.mccall.com/filebin/images/product_images/Full/V8858.jpg', 'http://voguepatterns.mccall.com/newsletters/img.sewingtoday.com/cat/20000/add_img/V8858.gif', 'Semi-fitted, skirt has lined upper sections with side front and side back seams, invisible back zipper and very narrow hems. B and C seam detail on lower sections. C wrong side showns on single-layer bands and flounces.'), (112, 1, '1224', 32, 'http://voguepatterns.mccall.com/v1224-products-13642.php', 'http://voguepatterns.mccall.com/filebin/images/product_images/Full/V1224.jpg', 'http://voguepatterns.mccall.com/newsletters/img.sewingtoday.com/cat/20000/add_img/V1224.gif', 'Partially lined, pullover dress has short dolman sleeves, elasticized waistline and neckline with tie ends, stitched hems and above mid-knee length. Purchased stoppers for tie ends.'), (113, 1, '1361', 18, 'http://voguepatterns.mccall.com/v1361-products-47538.php?page_id=311', 'http://voguepatterns.mccall.com/filebin/images/product_images/Full/V1361.jpg', 'http://voguepatterns.mccall.com/newsletters/img.sewingtoday.com/cat/20000/add_img/V1361.gif', 'Close-fitting, lined, mock wrap, pullover dress has collar, neckline, front and back (bias) tucks, overlapped and stitched left front, right side front and back seams, no side seams, and sleeves with stitched hems and cuffs hand tacked and fold-back.'), (114, 1, '8594', 15, 'http://voguepatterns.mccall.com/v8594-products-10470.php?page_id=940', 'http://voguepatterns.mccall.com/filebin/images/product_images/Full/V8594.jpg', 'http://voguepatterns.mccall.com/newsletters/img.sewingtoday.com/cat/20000/add_img/V8594.gif', 'Mid-knee or below mid-calf length, lined dresses A, B, C, D, E, F have fitted bodice with extended shoulders forming cap sleeves, two neckline variations, princess seam variations and midriff front, tapered skirt side back seaming details, back zipper and slit. A contrast midriff front, side back sections and middle skirt back sections. D purchased flexible trim at neck. Purchased belts.'), (115, 1, '1303', 17, 'http://voguepatterns.mccall.com/v1303-products-22877.php', 'http://voguepatterns.mccall.com/filebin/images/product_images/Full/V1303.jpg', 'http://voguepatterns.mccall.com/newsletters/img.sewingtoday.com/cat/20000/add_img/V1303.gif', 'Fitted, lined dress has bias, pleated middle front, pleated lower front (right side), and back vent/zipper with self tab.'), (116, 1, '1263', 18, 'http://voguepatterns.mccall.com/v1263-products-14710.php?page_id=174', 'http://voguepatterns.mccall.com/filebin/images/product_images/Full/V1263.jpg', 'http://voguepatterns.mccall.com/newsletters/img.sewingtoday.com/cat/20000/add_img/V1263.gif', 'Very loose-fitting jacket has side front pockets and flat felled seams. No provisions made for above waist adjustment.'), (117, 1, '8827', NULL, 'http://voguepatterns.mccall.com/v8827-products-27102.php', 'http://voguepatterns.mccall.com/filebin/images/product_images/Full/V8827.jpg', 'http://voguepatterns.mccall.com/newsletters/img.sewingtoday.com/cat/20000/add_img/V8827.gif', 'Very loose-fitting, wrap dress has front extending into collar/draped front variations, self-lined yoke back, inside ties, and belt.'), (118, 1, '8852', NULL, 'http://voguepatterns.mccall.com/v8852-products-44612.php', 'http://voguepatterns.mccall.com/filebin/images/product_images/Full/V8852.jpg', 'http://voguepatterns.mccall.com/newsletters/img.sewingtoday.com/cat/20000/add_img/V8852.gif', 'Lined dress has shoulder straps, attached straps with sash, close-fitting bodice, raised waist, bias skirt, and invisible back zipper. C front pleated bodice.'), (119, 1, '1310', 21, 'http://voguepatterns.mccall.com/v1310-products-22884.php', 'http://voguepatterns.mccall.com/filebin/images/product_images/Full/V1310.jpg', 'http://voguepatterns.mccall.com/newsletters/img.sewingtoday.com/cat/20000/add_img/V1310.gif', 'Semi-fitted, pullover top. Skirt (loose-fitting through hips) has front extending into tie ends, no side seams and shaped hemline. Both are bias, self-lined and narrow hemmed.'), (120, 1, '1357', 8, 'http://voguepatterns.mccall.com/v1357-products-46633.php', 'http://voguepatterns.mccall.com/filebin/images/product_images/Full/V1357.jpg', 'http://voguepatterns.mccall.com/newsletters/img.sewingtoday.com/cat/20000/add_img/V1357.gif', 'Fitted, pullover top has front extending to back with pleats forming shoulder straps, no shoulder seams, very narrow hem finish for straps and neckline, and bias drawstring. Semi-fitted, lined skirt has waistband, front pleated inset, stitched hem and invisible side zipper. Both have French seams.'), (121, 1, '1094', 11, 'http://voguepatterns.mccall.com/v1094-products-9754.php?page_id=850', 'http://voguepatterns.mccall.com/filebin/images/product_images/Full/V1094.jpg', 'http://voguepatterns.mccall.com/newsletters/img.sewingtoday.com/cat/20000/add_img/V1094.gif', 'Lined, sleeveless dress has darted, fitted bodice, dropped waistline, inside belt, neckline bands, gathered skirt and side zipper. A below mid-knee length. B floor length.'), (122, 1, '8814', 22, 'http://voguepatterns.mccall.com/v8814-products-22896.php?page_id=943', 'http://voguepatterns.mccall.com/filebin/images/product_images/Full/V8814.jpg', 'http://voguepatterns.mccall.com/newsletters/img.sewingtoday.com/cat/20000/add_img/V8814.gif', 'Lined dress has neckline variations, bias bodice/lower front and back, and back zipper. A close-fitting through bust. B and C shoulder straps, fitted through bust. A, B, C, D cup sizes. Note no provisions provided for above waist adjustments.'), (123, 1, '1102', 33, 'http://voguepatterns.mccall.com/v1102-products-9938.php?page_id=854', 'http://voguepatterns.mccall.com/filebin/images/product_images/Full/V1102.jpg', 'http://voguepatterns.mccall.com/newsletters/img.sewingtoday.com/cat/20000/add_img/V1102.gif', 'Below mid-knee dress has close-fitting, self-lined, sleeveless bodice with back tie ends to hold bodice in place, flared skirt, raised waistline and back zipper.'), (124, 1, '1219', 18, 'http://voguepatterns.mccall.com/v1219-products-13637.php?page_id=942', 'http://voguepatterns.mccall.com/filebin/images/product_images/Full/V1219.jpg', 'http://voguepatterns.mccall.com/newsletters/img.sewingtoday.com/cat/20000/add_img/V1219.gif', 'Below mid-knee dress has stand-up collar, extended shoulders, mock wrap bodice with blousing, drop waist, pleated, flared skirt with side seam pockets, back zipper and wide, stitched hem, bodice front is cut on bias, skirt is cut crosswise.'), (125, 1, '1357', 8, 'http://voguepatterns.mccall.com/v1357-products-46633.php?page_id=1112', 'http://voguepatterns.mccall.com/filebin/images/product_images/Full/V1357.jpg', 'http://voguepatterns.mccall.com/newsletters/img.sewingtoday.com/cat/20000/add_img/V1357.gif', 'Fitted, pullover top has front extending to back with pleats forming shoulder straps, no shoulder seams, very narrow hem finish for straps and neckline, and bias drawstring. Semi-fitted, lined skirt has waistband, front pleated inset, stitched hem and invisible side zipper. Both have French seams.'), (126, 1, '8921', NULL, 'http://voguepatterns.mccall.com/v8921-products-47548.php?page_id=855', 'http://voguepatterns.mccall.com/filebin/images/product_images/Full/V8921.jpg', 'http://voguepatterns.mccall.com/newsletters/img.sewingtoday.com/cat/20000/add_img/V8921.gif', 'Dress has fitted bodice with waist and front shoulder pleats, and back zipper. Necklines, drape B, sleeves B and C narrow hem.'), (127, 1, '8873', 15, 'http://voguepatterns.mccall.com/v8873-products-44845.php?page_id=855', 'http://voguepatterns.mccall.com/filebin/images/product_images/Full/V8873.jpg', 'http://voguepatterns.mccall.com/newsletters/img.sewingtoday.com/cat/20000/add_img/V8873.gif', 'Dress has bias overbodice, fitted, lined bodice and back zipper. A, B and C semi-fitted, lined skirt, side front pockets, and back hemline slit. D, E and F skirt cut on crosswise grain, narrow hem.'), (128, 1, '8808', 16, 'http://voguepatterns.mccall.com/v8808-products-22890.php?page_id=856', 'http://voguepatterns.mccall.com/filebin/images/product_images/Full/V8808.jpg', 'http://voguepatterns.mccall.com/newsletters/img.sewingtoday.com/cat/20000/add_img/V8808.gif', 'Lined dress (close-fitting through bust) has collar, cut-in armholes, princess seams, back zipper and narrow hem.'), (129, 1, '1355', 34, 'http://voguepatterns.mccall.com/v1355-products-46631.php?page_id=863', 'http://voguepatterns.mccall.com/filebin/images/product_images/Full/V1355.jpg', 'http://voguepatterns.mccall.com/newsletters/img.sewingtoday.com/cat/20000/add_img/V1355.gif', 'Pullover, lined top (close-fitting through bust) has cut-in back armholes. Pants (very loose-fitting through hips) have waistband, inside leg drape, no side seams, and tapered lower edge. A, B, C narrow hem.'), (130, 1, '1321', 18, 'http://voguepatterns.mccall.com/v1321-products-27094.php', 'http://voguepatterns.mccall.com/filebin/images/product_images/Full/V1321.jpg', 'http://voguepatterns.mccall.com/newsletters/img.sewingtoday.com/cat/20000/add_img/V1321.gif', 'Very loose-fitting, unlined, double-breasted coat has front extending into collar, shoulder pads, dropped shoulders, topstitched darts, side front pockets (piping)/seams, stitched hems, three-piece sleeves with button tab, thread loops, raw edge finish, and overlapped seams. Purchased belt.'), (131, 1, '8648', 15, 'http://voguepatterns.mccall.com/v8648-products-11100.php?page_id=855', 'http://voguepatterns.mccall.com/filebin/images/product_images/Full/V8648.jpg', 'http://voguepatterns.mccall.com/newsletters/img.sewingtoday.com/cat/20000/add_img/V8648.gif', 'Lined dresses A, B, C, D, E, F, fitted through bust, mid-knee, have princess seams, bias midriff and back zipper. A, B, C bias sides, straight skirt with back slit. B contrast sides and midriff. D, E, F bias side bodice, circular skirt, narrow hem. E contrast bodice. C, F above elbow sleeves.'), (132, 1, '8921', NULL, 'http://voguepatterns.mccall.com/v8921-products-47548.php?page_id=174', 'http://voguepatterns.mccall.com/filebin/images/product_images/Full/V8921.jpg', 'http://voguepatterns.mccall.com/newsletters/img.sewingtoday.com/cat/20000/add_img/V8921.gif', 'Dress has fitted bodice with waist and front shoulder pleats, and back zipper. Necklines, drape B, sleeves B and C narrow hem.'), (133, 1, '8907', NULL, 'http://voguepatterns.mccall.com/v8907-products-46648.php?page_id=260', 'http://voguepatterns.mccall.com/filebin/images/product_images/Full/V8907.jpg', 'http://voguepatterns.mccall.com/newsletters/img.sewingtoday.com/cat/20000/add_img/V8907.gif', 'Semi-fitted, pullover top or tunic has narrow hem. Wrong side shows on drape A and B (right shoulder pleat B) and shaped hemline C.'), (134, 1, '8901', NULL, 'http://voguepatterns.mccall.com/v8901-products-46642.php?page_id=4515', 'http://voguepatterns.mccall.com/filebin/images/product_images/Full/V8901.jpg', 'http://voguepatterns.mccall.com/newsletters/img.sewingtoday.com/cat/20000/add_img/V8901.gif', 'Dress has no side seams, close-fitting, lined bodice extending to side back, pleated skirt, side front seams, narrow hem, and invisible back zipper. B lined skirt. C bodice front cut on crosswise grain, back hook & eye closing, and zipper for skirt only.'), (135, 1, '1361', 18, 'http://voguepatterns.mccall.com/v1361-products-47538.php?page_id=857', 'http://voguepatterns.mccall.com/filebin/images/product_images/Full/V1361.jpg', 'http://voguepatterns.mccall.com/newsletters/img.sewingtoday.com/cat/20000/add_img/V1361.gif', 'Close-fitting, lined, mock wrap, pullover dress has collar, neckline, front and back (bias) tucks, overlapped and stitched left front, right side front and back seams, no side seams, and sleeves with stitched hems and cuffs hand tacked and fold-back.'), (136, 1, '1361', 18, 'http://voguepatterns.mccall.com/v1361-products-47538.php?page_id=174', 'http://voguepatterns.mccall.com/filebin/images/product_images/Full/V1361.jpg', 'http://voguepatterns.mccall.com/newsletters/img.sewingtoday.com/cat/20000/add_img/V1361.gif', 'Close-fitting, lined, mock wrap, pullover dress has collar, neckline, front and back (bias) tucks, overlapped and stitched left front, right side front and back seams, no side seams, and sleeves with stitched hems and cuffs hand tacked and fold-back.'), (137, 1, '1314', 32, 'http://voguepatterns.mccall.com/v1314-products-27087.php?page_id=718', 'http://voguepatterns.mccall.com/filebin/images/product_images/Full/V1314.jpg', 'http://voguepatterns.mccall.com/newsletters/img.sewingtoday.com/cat/20000/add_img/V1314.gif', 'Pullover, close-fitting, lined dress has draped sides and narrow hem.'), (138, 1, '8923', 15, 'http://voguepatterns.mccall.com/v8923-products-47550.php?page_id=174', 'http://voguepatterns.mccall.com/filebin/images/product_images/Full/V8923.jpg', 'http://voguepatterns.mccall.com/newsletters/img.sewingtoday.com/cat/20000/add_img/V8923.gif', 'Fitted dress has seam detail, stitched hem and back zipper. A, B and C semi-fitted through hips, back slit. D and E collar. D, E and F narrow hem.'), (139, 1, '8870', 16, 'http://voguepatterns.mccall.com/v8870-products-44842.php?page_id=857', 'http://voguepatterns.mccall.com/filebin/images/product_images/Full/V8870.jpg', 'http://voguepatterns.mccall.com/newsletters/img.sewingtoday.com/cat/20000/add_img/V8870.gif', 'Pullover dress has loose-fitting, blouson bodice variations, elasticized (seamed) waist, side pockets and narrow hem. Wrong side shows on back hemline. A mock wrap, front pleated bodice, and two-piece sleeves. Note no provisions provided for above waist adjustment. B elasticized upper back.'), (140, 1, '1094', 11, 'http://voguepatterns.mccall.com/v1094-products-9754.php?page_id=857', 'http://voguepatterns.mccall.com/filebin/images/product_images/Full/V1094.jpg', 'http://voguepatterns.mccall.com/newsletters/img.sewingtoday.com/cat/20000/add_img/V1094.gif', 'Lined, sleeveless dress has darted, fitted bodice, dropped waistline, inside belt, neckline bands, gathered skirt and side zipper. A below mid-knee length. B floor length.'), (141, 1, '8913', 16, 'http://voguepatterns.mccall.com/v8913-products-46654.php?page_id=174', 'http://voguepatterns.mccall.com/filebin/images/product_images/Full/V8913.jpg', 'http://voguepatterns.mccall.com/newsletters/img.sewingtoday.com/cat/20000/add_img/V8913.gif', 'Very loose-fitting, pullover tunic has side slits, narrow hem and purchased bias tape for neckline. B button tab on sleeves, wrong side shows on hemlines. Semi-fitted, tapered pants have waistband and side zipper. C side hemline slits.'), (142, 1, '1348', 35, 'http://voguepatterns.mccall.com/v1348-products-46624.php?page_id=857', 'http://voguepatterns.mccall.com/filebin/images/product_images/Full/V1348.jpg', 'http://voguepatterns.mccall.com/newsletters/img.sewingtoday.com/cat/20000/add_img/V1348.gif', 'Underlined, lined dress (close-fitting through bust) has side and princess seam pleats, side pockets, ruffled petticoat attached to lining, and invisible back zipper. Petticoat ruffle is cut on crosswise grain.'), (143, 1, '8562', 16, 'http://voguepatterns.mccall.com/v8562-products-9771.php?page_id=955', 'http://voguepatterns.mccall.com/filebin/images/product_images/Full/V8562.jpg', 'http://voguepatterns.mccall.com/newsletters/img.sewingtoday.com/cat/20000/add_img/V8562.gif', 'Jackets A, B, C in three lengths, are lined to edge and have casing with buttonhole openings, self-tie and sleeves in two lengths. A sleeves are three-quarter length. B, C sleeves have elastic casing. C contrast tie.'), (144, 1, '1348', 35, 'http://voguepatterns.mccall.com/v1348-products-46624.php?page_id=854', 'http://voguepatterns.mccall.com/filebin/images/product_images/Full/V1348.jpg', 'http://voguepatterns.mccall.com/newsletters/img.sewingtoday.com/cat/20000/add_img/V1348.gif', 'Underlined, lined dress (close-fitting through bust) has side and princess seam pleats, side pockets, ruffled petticoat attached to lining, and invisible back zipper. Petticoat ruffle is cut on crosswise grain.'), (145, 1, '8811', 11, 'http://voguepatterns.mccall.com/v8811-products-22893.php', 'http://voguepatterns.mccall.com/filebin/images/product_images/Full/V8811.jpg', 'http://voguepatterns.mccall.com/newsletters/img.sewingtoday.com/cat/20000/add_img/V8811.gif', 'Pullover dress has shoulder pads, semi-fitted bodice, bias skirt, back neck slit with button/thread loop, side snap/extension or zipper closing, cap sleeves, and belt. A purchased trim.'), (146, 1, '8751', 16, 'http://voguepatterns.mccall.com/v8751-products-14721.php?page_id=264', 'http://voguepatterns.mccall.com/filebin/images/product_images/Full/V8751.jpg', 'http://voguepatterns.mccall.com/newsletters/img.sewingtoday.com/cat/20000/add_img/V8751.gif', 'Semi-fitted pants have side seam pockets.'), (147, 1, '1236', 30, 'http://voguepatterns.mccall.com/v1236-products-14147.php', 'http://voguepatterns.mccall.com/filebin/images/product_images/Full/V1236.jpg', 'http://voguepatterns.mccall.com/newsletters/img.sewingtoday.com/cat/20000/add_img/V1236.gif', 'Loose-fitting dress.'), (148, 1, '8934', 36, 'http://voguepatterns.mccall.com/v8934-products-47561.php?page_id=174', 'http://voguepatterns.mccall.com/filebin/images/product_images/Full/V8934.jpg', 'http://voguepatterns.mccall.com/newsletters/img.sewingtoday.com/cat/20000/add_img/V8934.gif', 'Loose-fitting coat has collar, side pockets, hemline darts, and front button closing. A unlined, front band, patch variations, and stitched hems. B lined, fly front closing.'), (149, 1, '1351', 30, 'http://voguepatterns.mccall.com/v1351-products-46627.php?page_id=854', 'http://voguepatterns.mccall.com/filebin/images/product_images/Full/V1351.jpg', 'http://voguepatterns.mccall.com/newsletters/img.sewingtoday.com/cat/20000/add_img/V1351.gif', 'Lined, pullover dress has draped front neckline, closing-fitting, bias front bodice and skirt, and invisible side zipper.'), (150, 1, '8470', 15, 'http://voguepatterns.mccall.com/v8470-products-7899.php?page_id=857', 'http://voguepatterns.mccall.com/filebin/images/product_images/Full/V8470.jpg', 'http://voguepatterns.mccall.com/newsletters/img.sewingtoday.com/cat/20000/add_img/V8470.gif', 'Lined dress, below mid-knee or lower calf has fitted bodice with neckline variations, midriff and back zipper, flared circular skirt with or without ruffle. A, B, C, D lined underbodice front. C contrast midriff and sash. C, D sleeves. A, E sash. E, F halter bodice with tie ends.'), (151, 1, '1360', 17, 'http://voguepatterns.mccall.com/v1360-products-47537.php?page_id=1261', 'http://voguepatterns.mccall.com/filebin/images/product_images/Full/V1360.jpg', 'http://voguepatterns.mccall.com/newsletters/img.sewingtoday.com/cat/20000/add_img/V1360.gif', 'Close-fitting, lined dress has front godet, seam detail and invisible back zipper.'), (152, 1, '8932', NULL, 'http://voguepatterns.mccall.com/v8932-products-47559.php?page_id=262', 'http://voguepatterns.mccall.com/filebin/images/product_images/Full/V8932.jpg', 'http://voguepatterns.mccall.com/newsletters/img.sewingtoday.com/cat/20000/add_img/V8932.gif', 'Semi-fitted, unlined jacket or vest has raised neckline, seam detail and shaped hemline. A front-button closing. A and B two-piece sleeves. B and C raw edge finish, seams stitched on right side of fabric, and front snap closing.'), (153, 1, '1363', 6, 'http://voguepatterns.mccall.com/v1363-products-47540.php?page_id=852', 'http://voguepatterns.mccall.com/filebin/images/product_images/Full/V1363.jpg', 'http://voguepatterns.mccall.com/newsletters/img.sewingtoday.com/cat/20000/add_img/V1363.gif', 'Loose-fitting, pullover top has narrow hem. A neck band, sleeve bands and insets.'), (154, 1, '8793', 29, 'http://voguepatterns.mccall.com/v8793-products-16435.php?page_id=866', 'http://voguepatterns.mccall.com/filebin/images/product_images/Full/V8793.jpg', 'http://voguepatterns.mccall.com/newsletters/img.sewingtoday.com/cat/20000/add_img/V8793.gif', 'Fitted, pullover top has inner/outer collars with zipper trim, long sleeves, cuffs and stitched hem. Contrast collar is cut on crosswise grain of fabric.'), (155, 1, '8666', NULL, 'http://voguepatterns.mccall.com/v8666-products-11346.php?page_id=857', 'http://voguepatterns.mccall.com/filebin/images/product_images/Full/V8666.jpg', 'http://voguepatterns.mccall.com/newsletters/img.sewingtoday.com/cat/20000/add_img/V8666.gif', 'Close-fitting, straight, mid-knee length, lined dresses A, B, C have front and back V necks, front and back darts, side front and side back panels, back zipper and back slit. A contrast side front and side back panels. C three-quarter length lined sleeves.'), (156, 1, '8556', NULL, 'http://voguepatterns.mccall.com/v8556-products-9765.php?page_id=947', 'http://voguepatterns.mccall.com/filebin/images/product_images/Full/V8556.jpg', 'http://voguepatterns.mccall.com/newsletters/img.sewingtoday.com/cat/20000/add_img/V8556.gif', 'Lined, fitted, dresses A, B, C, floor length, have pleated bodice front, draped midriff, back strap, neck band and hand picked back zipper. A contrast beaded fabric for neck band. A, B bias skirt.'), (157, 1, '8764', 37, 'http://voguepatterns.mccall.com/v8764-products-15144.php?page_id=856', 'http://voguepatterns.mccall.com/filebin/images/product_images/Full/V8764.jpg', 'http://voguepatterns.mccall.com/newsletters/img.sewingtoday.com/cat/20000/add_img/V8764.gif', 'Lined dress has close-fitting bodice, raised waist, stitched hem on sleeves and back zipper. Topstitching and narrow hem. Custom fit for A, B, C and D cup sizes.'), (158, 1, '1162', 1, 'http://voguepatterns.mccall.com/v1162-products-10762.php?page_id=858', 'http://voguepatterns.mccall.com/filebin/images/product_images/Full/V1162.jpg', 'http://voguepatterns.mccall.com/newsletters/img.sewingtoday.com/cat/20000/add_img/V1162.gif', 'Fitted, straight, lined dress, mid-calf length, has contrast sleeve flower and pleated neckline ruffle extending into back armhole, front neckline self-fabric piping, front pleats, back princess seams, zipper and hemline vent. Purchased bra cups.'), (159, 1, '1361', 18, 'http://voguepatterns.mccall.com/v1361-products-47538.php?page_id=854', 'http://voguepatterns.mccall.com/filebin/images/product_images/Full/V1361.jpg', 'http://voguepatterns.mccall.com/newsletters/img.sewingtoday.com/cat/20000/add_img/V1361.gif', 'Close-fitting, lined, mock wrap, pullover dress has collar, neckline, front and back (bias) tucks, overlapped and stitched left front, right side front and back seams, no side seams, and sleeves with stitched hems and cuffs hand tacked and fold-back.'), (160, 1, '8901', NULL, 'http://voguepatterns.mccall.com/v8901-products-46642.php?page_id=857', 'http://voguepatterns.mccall.com/filebin/images/product_images/Full/V8901.jpg', 'http://voguepatterns.mccall.com/newsletters/img.sewingtoday.com/cat/20000/add_img/V8901.gif', 'Dress has no side seams, close-fitting, lined bodice extending to side back, pleated skirt, side front seams, narrow hem, and invisible back zipper. B lined skirt. C bodice front cut on crosswise grain, back hook & eye closing, and zipper for skirt only.'), (161, 1, '8937', 16, 'http://voguepatterns.mccall.com/v8937-products-47564.php?page_id=865Find', 'http://voguepatterns.mccall.com/filebin/images/product_images/Full/V8937.jpg', 'http://voguepatterns.mccall.com/newsletters/img.sewingtoday.com/cat/20000/add_img/V8937.gif', 'Semi-fitted, lined to edge jacket has two-piece raglan sleeves and snap closing. B collar and side pockets. Semi-fitted, straight-legged pants have waistband, side pockets and mock fly zipper. Narrow hem.'), (162, 1, '8900', NULL, 'http://voguepatterns.mccall.com/v8900-products-46641.php?page_id=857', 'http://voguepatterns.mccall.com/filebin/images/product_images/Full/V8900.jpg', 'http://voguepatterns.mccall.com/newsletters/img.sewingtoday.com/cat/20000/add_img/V8900.gif', 'Dress (close-fitting through bust) has cut-in armholes, shaped princess seams, back zipper and narrow hem. A collar and side insets.'), (163, 1, '8744', NULL, 'http://voguepatterns.mccall.com/v8744-products-14714.php?page_id=942', 'http://voguepatterns.mccall.com/filebin/images/product_images/Full/V8744.jpg', 'http://voguepatterns.mccall.com/newsletters/img.sewingtoday.com/cat/20000/add_img/V8744.gif', 'Fitted.'), (164, 1, '8876', 36, 'http://voguepatterns.mccall.com/v8876-products-44848.php?page_id=4450', 'http://voguepatterns.mccall.com/filebin/images/product_images/Full/V8876.jpg', 'http://voguepatterns.mccall.com/newsletters/img.sewingtoday.com/cat/20000/add_img/V8876.gif', 'Loose-fitting dress has collar with casing, yokes (self-lined back, cut on crosswise grain), princess seams, side pockets, back pleat, and hem band. A and C self-lined cap sleeves. C stitched hem on sleeves. B and C front zipper. Purchased drawstring for collar.'), (165, 1, '8856', NULL, 'http://voguepatterns.mccall.com/v8856-products-44616.php?page_id=260', 'http://voguepatterns.mccall.com/filebin/images/product_images/Full/V8856.jpg', 'http://voguepatterns.mccall.com/newsletters/img.sewingtoday.com/cat/20000/add_img/V8856.gif', 'Close-fitting, pullover top has seam detail and narrow hem. Topstitching. B draped front overlay with pleats. Wrong side of fabric will show.'), (166, 1, '8863', 29, 'http://voguepatterns.mccall.com/v8863-products-44623.php?page_id=4449', 'http://voguepatterns.mccall.com/filebin/images/product_images/Full/V8863.jpg', 'http://voguepatterns.mccall.com/newsletters/img.sewingtoday.com/cat/20000/add_img/V8863.gif', 'Loose-fitting, lined jacket has front extending into standing back collar, underarm gusset, right side welt/pocket, lower sleeve attached to lining, exposed zipper, uneven front hemline, and purchased applied trim.'), (167, 1, '8929', 36, 'http://voguepatterns.mccall.com/v8929-products-47556.php?page_id=4450', 'http://voguepatterns.mccall.com/filebin/images/product_images/Full/V8929.jpg', 'http://voguepatterns.mccall.com/newsletters/img.sewingtoday.com/cat/20000/add_img/V8929.gif', 'Semi-fitted, below waist, tapered pants have waistband variations and elasticized back. Topstitching. A drawstrings. A and B seam detail, pockets, bands, and stitched hems. Front, back, pocket bands cut on crosswise grain. C and D side front pockets. D front button waistband and fly zipper closing.'), (168, 1, '1329', 17, 'http://voguepatterns.mccall.com/v1329-products-44598.php?page_id=174', 'http://voguepatterns.mccall.com/filebin/images/product_images/Full/V1329.jpg', 'http://voguepatterns.mccall.com/newsletters/img.sewingtoday.com/cat/20000/add_img/V1329.gif', 'Close-fitting, lined dress (fitted through hips) has yokes, right front with pleats, back princess seams, and invisible zipper.'), (169, 1, '1361', 18, 'http://voguepatterns.mccall.com/v1361-products-47538.php?page_id=854', 'http://voguepatterns.mccall.com/filebin/images/product_images/Full/V1361.jpg', 'http://voguepatterns.mccall.com/newsletters/img.sewingtoday.com/cat/20000/add_img/V1361.gif', 'Close-fitting, lined, mock wrap, pullover dress has collar, neckline, front and back (bias) tucks, overlapped and stitched left front, right side front and back seams, no side seams, and sleeves with stitched hems and cuffs hand tacked and fold-back.'), (170, 1, '8901', NULL, 'http://voguepatterns.mccall.com/v8901-products-46642.php?page_id=857', 'http://voguepatterns.mccall.com/filebin/images/product_images/Full/V8901.jpg', 'http://voguepatterns.mccall.com/newsletters/img.sewingtoday.com/cat/20000/add_img/V8901.gif', 'Dress has no side seams, close-fitting, lined bodice extending to side back, pleated skirt, side front seams, narrow hem, and invisible back zipper. B lined skirt. C bodice front cut on crosswise grain, back hook & eye closing, and zipper for skirt only.'), (171, 1, '8937', 16, 'http://voguepatterns.mccall.com/v8937-products-47564.php?page_id=865Find', 'http://voguepatterns.mccall.com/filebin/images/product_images/Full/V8937.jpg', 'http://voguepatterns.mccall.com/newsletters/img.sewingtoday.com/cat/20000/add_img/V8937.gif', 'Semi-fitted, lined to edge jacket has two-piece raglan sleeves and snap closing. B collar and side pockets. Semi-fitted, straight-legged pants have waistband, side pockets and mock fly zipper. Narrow hem.'), (172, 1, '8900', NULL, 'http://voguepatterns.mccall.com/v8900-products-46641.php?page_id=857', 'http://voguepatterns.mccall.com/filebin/images/product_images/Full/V8900.jpg', 'http://voguepatterns.mccall.com/newsletters/img.sewingtoday.com/cat/20000/add_img/V8900.gif', 'Dress (close-fitting through bust) has cut-in armholes, shaped princess seams, back zipper and narrow hem. A collar and side insets.'), (173, 1, '8744', NULL, 'http://voguepatterns.mccall.com/v8744-products-14714.php?page_id=942', 'http://voguepatterns.mccall.com/filebin/images/product_images/Full/V8744.jpg', 'http://voguepatterns.mccall.com/newsletters/img.sewingtoday.com/cat/20000/add_img/V8744.gif', 'Fitted.'), (174, 1, '8876', 36, 'http://voguepatterns.mccall.com/v8876-products-44848.php?page_id=4450', 'http://voguepatterns.mccall.com/filebin/images/product_images/Full/V8876.jpg', 'http://voguepatterns.mccall.com/newsletters/img.sewingtoday.com/cat/20000/add_img/V8876.gif', 'Loose-fitting dress has collar with casing, yokes (self-lined back, cut on crosswise grain), princess seams, side pockets, back pleat, and hem band. A and C self-lined cap sleeves. C stitched hem on sleeves. B and C front zipper. Purchased drawstring for collar.'), (175, 1, '8856', NULL, 'http://voguepatterns.mccall.com/v8856-products-44616.php?page_id=260', 'http://voguepatterns.mccall.com/filebin/images/product_images/Full/V8856.jpg', 'http://voguepatterns.mccall.com/newsletters/img.sewingtoday.com/cat/20000/add_img/V8856.gif', 'Close-fitting, pullover top has seam detail and narrow hem. Topstitching. B draped front overlay with pleats. Wrong side of fabric will show.'), (176, 1, '8863', 29, 'http://voguepatterns.mccall.com/v8863-products-44623.php?page_id=4449', 'http://voguepatterns.mccall.com/filebin/images/product_images/Full/V8863.jpg', 'http://voguepatterns.mccall.com/newsletters/img.sewingtoday.com/cat/20000/add_img/V8863.gif', 'Loose-fitting, lined jacket has front extending into standing back collar, underarm gusset, right side welt/pocket, lower sleeve attached to lining, exposed zipper, uneven front hemline, and purchased applied trim.'), (177, 1, '8929', 36, 'http://voguepatterns.mccall.com/v8929-products-47556.php?page_id=4450', 'http://voguepatterns.mccall.com/filebin/images/product_images/Full/V8929.jpg', 'http://voguepatterns.mccall.com/newsletters/img.sewingtoday.com/cat/20000/add_img/V8929.gif', 'Semi-fitted, below waist, tapered pants have waistband variations and elasticized back. Topstitching. A drawstrings. A and B seam detail, pockets, bands, and stitched hems. Front, back, pocket bands cut on crosswise grain. C and D side front pockets. D front button waistband and fly zipper closing.'), (178, 1, '1329', 17, 'http://voguepatterns.mccall.com/v1329-products-44598.php?page_id=174', 'http://voguepatterns.mccall.com/filebin/images/product_images/Full/V1329.jpg', 'http://voguepatterns.mccall.com/newsletters/img.sewingtoday.com/cat/20000/add_img/V1329.gif', 'Close-fitting, lined dress (fitted through hips) has yokes, right front with pleats, back princess seams, and invisible zipper.'), (179, 1, '8910', NULL, 'http://voguepatterns.mccall.com/v8910-products-46651.php?page_id=4515', 'http://voguepatterns.mccall.com/filebin/images/product_images/Full/V8910.jpg', 'http://voguepatterns.mccall.com/newsletters/img.sewingtoday.com/cat/20000/add_img/V8910.gif', 'Semi-fitted, bias, lined jacket has shoulder pads, shaped hemline variations, and button and bias loop closing. A and B front (shoulder pleats) extends into back collar.'), (180, 1, '1223', 2, 'http://voguepatterns.mccall.com/v1223-products-13641.php?page_id=857', 'http://voguepatterns.mccall.com/filebin/images/product_images/Full/V1223.jpg', 'http://voguepatterns.mccall.com/newsletters/img.sewingtoday.com/cat/20000/add_img/V1223.gif', 'Mid-knee, lined dress, fitted at bust, has pleated front and back skirt, back zipper and very narrow hems.'), (181, 1, '1333', 6, 'http://voguepatterns.mccall.com/v1333-products-44602.php?page_id=852', 'http://voguepatterns.mccall.com/filebin/images/product_images/Full/V1333.jpg', 'http://voguepatterns.mccall.com/newsletters/img.sewingtoday.com/cat/20000/add_img/V1333.gif', 'Blouse, loose-fitting through bust, has front and back extending into shaped sleeve (forming underarm drape) and front button closing. Loose-fitting skirt has elasticized waistband, and single layer, tucked drape (cut on crosswise grain), wrong side shows. Both have narrow hem.'), (182, 1, '1182', 17, 'http://voguepatterns.mccall.com/v1182-products-11090.php?page_id=174', 'http://voguepatterns.mccall.com/filebin/images/product_images/Full/V1182.jpg', 'http://voguepatterns.mccall.com/newsletters/img.sewingtoday.com/cat/20000/add_img/V1182.gif', 'Fitted, above mid-knee, lined, sleeveless dresses A, B with princess seams, front pleats, large collar, back slit opening and invisible zipper closing. B purchased trim.'), (183, 1, '1350', 8, 'http://voguepatterns.mccall.com/v1350-products-46626.php?page_id=857', 'http://voguepatterns.mccall.com/filebin/images/product_images/Full/V1350.jpg', 'http://voguepatterns.mccall.com/newsletters/img.sewingtoday.com/cat/20000/add_img/V1350.gif', 'Lined dress has yoke fronts extending into sleeves, close-fitting bodice with side back seams, raised waist, semi-fitted skirt, side front extends to lower side back, no side seams, mock front bands, and concealed snap closing.'), (184, 1, '1334', 6, 'http://voguepatterns.mccall.com/v1334-products-44603.php?page_id=852', 'http://voguepatterns.mccall.com/filebin/images/product_images/Full/V1334.jpg', 'http://voguepatterns.mccall.com/newsletters/img.sewingtoday.com/cat/20000/add_img/V1334.gif', 'Very loose-fitting, bias, pullover top has draped front neckline, extended shoulders, lower left side gusset, and lower band extends into tie ends. A topstitched armholes. Loose-fitting, wide-legged pants have elasticized waist.'), (185, 1, '1350', 8, 'http://voguepatterns.mccall.com/v1350-products-46626.php?page_id=4515', 'http://voguepatterns.mccall.com/filebin/images/product_images/Full/V1350.jpg', 'http://voguepatterns.mccall.com/newsletters/img.sewingtoday.com/cat/20000/add_img/V1350.gif', 'Lined dress has yoke fronts extending into sleeves, close-fitting bodice with side back seams, raised waist, semi-fitted skirt, side front extends to lower side back, no side seams, mock front bands, and concealed snap closing.'), (186, 1, '1220', 18, 'http://voguepatterns.mccall.com/v1220-products-13638.php', 'http://voguepatterns.mccall.com/filebin/images/product_images/Full/V1220.jpg', 'http://voguepatterns.mccall.com/newsletters/img.sewingtoday.com/cat/20000/add_img/V1220.gif', 'Loose-fitting, mid-knee length dress has shawl pleated collar, partial waistline seam, pleats, side slant pockets, princess seams in bodice back, back darts, short sleeves with turn back cuffs, stitched hem facing, right fly front button closure and tie belt.'), (187, 1, '1334', 6, 'http://voguepatterns.mccall.com/v1334-products-44603.php?page_id=865', 'http://voguepatterns.mccall.com/filebin/images/product_images/Full/V1334.jpg', 'http://voguepatterns.mccall.com/newsletters/img.sewingtoday.com/cat/20000/add_img/V1334.gif', 'Very loose-fitting, bias, pullover top has draped front neckline, extended shoulders, lower left side gusset, and lower band extends into tie ends. A topstitched armholes. Loose-fitting, wide-legged pants have elasticized waist.'), (188, 1, '1280', 18, 'http://voguepatterns.mccall.com/v1280-products-16411.php?page_id=311', 'http://voguepatterns.mccall.com/filebin/images/product_images/Full/V1280.jpg', 'http://voguepatterns.mccall.com/newsletters/img.sewingtoday.com/cat/20000/add_img/V1280.gif', 'Close-fitting, bias, pullover dress has shoulder straps, insets, overlapped seam detail and self trim. No provisions made for above waist adjustments.'), (189, 1, '1223', 2, 'http://voguepatterns.mccall.com/v1223-products-13641.php?page_id=174', 'http://voguepatterns.mccall.com/filebin/images/product_images/Full/V1223.jpg', 'http://voguepatterns.mccall.com/newsletters/img.sewingtoday.com/cat/20000/add_img/V1223.gif', 'Mid-knee, lined dress, fitted at bust, has pleated front and back skirt, back zipper and very narrow hems.'), (190, 1, '1250', 30, 'http://voguepatterns.mccall.com/v1250-products-14161.php?page_id=174', 'http://voguepatterns.mccall.com/filebin/images/product_images/Full/V1250.jpg', 'http://voguepatterns.mccall.com/newsletters/img.sewingtoday.com/cat/20000/add_img/V1250.gif', 'Close-fitting dress.'), (191, 1, '8928', 15, 'http://voguepatterns.mccall.com/v8928-products-47555.php?page_id=263', 'http://voguepatterns.mccall.com/filebin/images/product_images/Full/V8928.jpg', 'http://voguepatterns.mccall.com/newsletters/img.sewingtoday.com/cat/20000/add_img/V8928.gif', 'Semi-fitted, straight, mock wrap, lined skirt has side front slit and back zipper. E and F side front seam.'), (192, 1, '1348', 35, 'http://voguepatterns.mccall.com/v1348-products-46624.php?page_id=4515', 'http://voguepatterns.mccall.com/filebin/images/product_images/Full/V1348.jpg', 'http://voguepatterns.mccall.com/newsletters/img.sewingtoday.com/cat/20000/add_img/V1348.gif', 'Underlined, lined dress (close-fitting through bust) has side and princess seam pleats, side pockets, ruffled petticoat attached to lining, and invisible back zipper. Petticoat ruffle is cut on crosswise grain.'), (193, 1, '8771', 16, 'http://voguepatterns.mccall.com/v8771-products-15151.php?page_id=866', 'http://voguepatterns.mccall.com/filebin/images/product_images/Full/V8771.jpg', 'http://voguepatterns.mccall.com/newsletters/img.sewingtoday.com/cat/20000/add_img/V8771.gif', 'Semi-fitted, pullover top has sleeve and hem variations. Sleeves A and lower edge B/C narrow hem. Lower edge A and cuffs B/C stitched hems.'), (194, 1, '1182', 17, 'http://voguepatterns.mccall.com/v1182-products-11090.php?page_id=861', 'http://voguepatterns.mccall.com/filebin/images/product_images/Full/V1182.jpg', 'http://voguepatterns.mccall.com/newsletters/img.sewingtoday.com/cat/20000/add_img/V1182.gif', 'Fitted, above mid-knee, lined, sleeveless dresses A, B with princess seams, front pleats, large collar, back slit opening and invisible zipper closing. B purchased trim.'), (195, 1, '1257', 30, 'http://voguepatterns.mccall.com/v1257-products-14704.php', 'http://voguepatterns.mccall.com/filebin/images/product_images/Full/V1257.jpg', 'http://voguepatterns.mccall.com/newsletters/img.sewingtoday.com/cat/20000/add_img/V1257.gif', 'Fitted dress has front bodice with all-in-one sleeves and back bodice has armhole seam.'), (196, 1, '8630', 37, 'http://voguepatterns.mccall.com/v8630-products-10772.php?page_id=856', 'http://voguepatterns.mccall.com/filebin/images/product_images/Full/V8630.jpg', 'http://voguepatterns.mccall.com/newsletters/img.sewingtoday.com/cat/20000/add_img/V8630.gif', 'Lined dresses A, B are sleeveless or with three-quarter length lined sleeves, front and back darts, collar, back zipper and back slit, mid-knee length. Purchased belt. Separate pattern pieces provided for A, B, C, D cup sizes.'), (197, 1, '8910', NULL, 'http://voguepatterns.mccall.com/v8910-products-46651.php?page_id=262', 'http://voguepatterns.mccall.com/filebin/images/product_images/Full/V8910.jpg', 'http://voguepatterns.mccall.com/newsletters/img.sewingtoday.com/cat/20000/add_img/V8910.gif', 'Semi-fitted, bias, lined jacket has shoulder pads, shaped hemline variations, and button and bias loop closing. A and B front (shoulder pleats) extends into back collar.'), (198, 1, '1362', 1, 'http://voguepatterns.mccall.com/v1362-products-47539.php?page_id=174', 'http://voguepatterns.mccall.com/filebin/images/product_images/Full/V1362.jpg', 'http://voguepatterns.mccall.com/newsletters/img.sewingtoday.com/cat/20000/add_img/V1362.gif', 'Semi-fitted, lined dress has interfaced, bias upper front (hand tacked to form drape effect), left side pleats, front stay, and invisible back zipper and hemline slit.'), (199, 1, '8742', 16, 'http://voguepatterns.mccall.com/v8742-products-14712.php?page_id=941', 'http://voguepatterns.mccall.com/filebin/images/product_images/Full/V8742.jpg', 'http://voguepatterns.mccall.com/newsletters/img.sewingtoday.com/cat/20000/add_img/V8742.gif', 'Close fitting.'), (200, 1, '1333', 6, 'http://voguepatterns.mccall.com/v1333-products-44602.php?page_id=863', 'http://voguepatterns.mccall.com/filebin/images/product_images/Full/V1333.jpg', 'http://voguepatterns.mccall.com/newsletters/img.sewingtoday.com/cat/20000/add_img/V1333.gif', 'Blouse, loose-fitting through bust, has front and back extending into shaped sleeve (forming underarm drape) and front button closing. Loose-fitting skirt has elasticized waistband, and single layer, tucked drape (cut on crosswise grain), wrong side shows. Both have narrow hem.'), (201, 1, '1350', 8, 'http://voguepatterns.mccall.com/v1350-products-46626.php?page_id=1112', 'http://voguepatterns.mccall.com/filebin/images/product_images/Full/V1350.jpg', 'http://voguepatterns.mccall.com/newsletters/img.sewingtoday.com/cat/20000/add_img/V1350.gif', 'Lined dress has yoke fronts extending into sleeves, close-fitting bodice with side back seams, raised waist, semi-fitted skirt, side front extends to lower side back, no side seams, mock front bands, and concealed snap closing.'), (202, 1, '8922', NULL, 'http://voguepatterns.mccall.com/v8922-products-47549.php?page_id=174', 'http://voguepatterns.mccall.com/filebin/images/product_images/Full/V8922.jpg', 'http://voguepatterns.mccall.com/newsletters/img.sewingtoday.com/cat/20000/add_img/V8922.gif', 'Lined dress has front and back bands, yokes, seam detail, semi-fitted bodice, two-piece sleeves and back zipper. A semi-fitted through hips, godets. A and B partially bias.'), (203, 1, '1360', 17, 'http://voguepatterns.mccall.com/v1360-products-47537.php?page_id=174', 'http://voguepatterns.mccall.com/filebin/images/product_images/Full/V1360.jpg', 'http://voguepatterns.mccall.com/newsletters/img.sewingtoday.com/cat/20000/add_img/V1360.gif', 'Close-fitting, lined dress has front godet, seam detail and invisible back zipper.'), (204, 1, '8835', 16, 'http://voguepatterns.mccall.com/v8835-products-27110.php?page_id=174', 'http://voguepatterns.mccall.com/filebin/images/product_images/Full/V8835.jpg', 'http://voguepatterns.mccall.com/newsletters/img.sewingtoday.com/cat/20000/add_img/V8835.gif', 'Semi-fitted skirt has lined yokes, back zipper and narrow hem. A button trim and mock welts.'), (205, 1, '1220', 18, 'http://voguepatterns.mccall.com/v1220-products-13638.php?page_id=854', 'http://voguepatterns.mccall.com/filebin/images/product_images/Full/V1220.jpg', 'http://voguepatterns.mccall.com/newsletters/img.sewingtoday.com/cat/20000/add_img/V1220.gif', 'Loose-fitting, mid-knee length dress has shawl pleated collar, partial waistline seam, pleats, side slant pockets, princess seams in bodice back, back darts, short sleeves with turn back cuffs, stitched hem facing, right fly front button closure and tie belt.'), (206, 1, '8913', 16, 'http://voguepatterns.mccall.com/v8913-products-46654.php?page_id=865', 'http://voguepatterns.mccall.com/filebin/images/product_images/Full/V8913.jpg', 'http://voguepatterns.mccall.com/newsletters/img.sewingtoday.com/cat/20000/add_img/V8913.gif', 'Very loose-fitting, pullover tunic has side slits, narrow hem and purchased bias tape for neckline. B button tab on sleeves, wrong side shows on hemlines. Semi-fitted, tapered pants have waistband and side zipper. C side hemline slits.'), (207, 1, '8879', 16, 'http://voguepatterns.mccall.com/v8879-products-44851.php?page_id=866', 'http://voguepatterns.mccall.com/filebin/images/product_images/Full/V8879.jpg', 'http://voguepatterns.mccall.com/newsletters/img.sewingtoday.com/cat/20000/add_img/V8879.gif', 'Pullover top has neck and sleeve bands. A close-fitting, hem bands. B overlapped back, flesh will show. A and B shaped hemline, wrong side shows on B. B and C loose-fitting, stitched hems, and tacking forms twist effect on band.'), (208, 1, '1329', 17, 'http://voguepatterns.mccall.com/v1329-products-44598.php?page_id=854', 'http://voguepatterns.mccall.com/filebin/images/product_images/Full/V1329.jpg', 'http://voguepatterns.mccall.com/newsletters/img.sewingtoday.com/cat/20000/add_img/V1329.gif', 'Close-fitting, lined dress (fitted through hips) has yokes, right front with pleats, back princess seams, and invisible zipper.'), (209, 1, '8650', 16, 'http://voguepatterns.mccall.com/v8650-products-11102.php', 'http://voguepatterns.mccall.com/filebin/images/product_images/Full/V8650.jpg', 'http://voguepatterns.mccall.com/newsletters/img.sewingtoday.com/cat/20000/add_img/V8650.gif', 'Loose-fitting, pullover tops A, B, C have darted raglan sleeves and pleated fronts. A below waist length, short sleeves. B, C below hip length. B three-quarter length sleeves. C long sleeves.'), (210, 1, '8686', 11, 'http://voguepatterns.mccall.com/v8686-products-13210.php?page_id=850', 'http://voguepatterns.mccall.com/filebin/images/product_images/Full/V8686.jpg', 'http://voguepatterns.mccall.com/newsletters/img.sewingtoday.com/cat/20000/add_img/V8686.gif', 'Fitted, A-line dresses A, B, above ankle, have funnel collar with front V, side snap closing and side seam slit. Seven-eighths (A) or full length (B) raglan sleeves in front extend to yoke in back which features buttons and bound buttonholes. Bodice is gathered at front waistline. Peplum, worn over dress A, is attached to belt giving a two-piece effect. Purchased decorative pin.'), (211, 1, '1289', 38, 'http://voguepatterns.mccall.com/v1289-products-16420.php?page_id=1428', 'http://voguepatterns.mccall.com/filebin/images/product_images/Full/V1289.jpg', 'http://voguepatterns.mccall.com/newsletters/img.sewingtoday.com/cat/20000/add_img/V1289.gif', 'Lined, mock wrap dress has shoulder strap, gathered left shoulder, close-fitting, bias bodice, pleated left front, skirt front/back cut-in-one, pleated right front, no side seams, invisible back zipper and very narrow hem. Purchased beaded trim. Note no provisions provided for above waist adjustments.'), (212, 1, '2880', 1, 'http://voguepatterns.mccall.com/v2880-products-6838.php?page_id=861', 'http://voguepatterns.mccall.com/filebin/images/product_images/Full/V2880.jpg', 'http://voguepatterns.mccall.com/newsletters/img.sewingtoday.com/cat/20000/add_img/V2880.gif', 'Lined dress, flared, below mid-knee or floor-length has ruffles (wrong side may show), close-fitting foundation with boning, laced left side panel and right side zipper. B shaped hemline.'), (213, 1, '8938', 39, 'http://voguepatterns.mccall.com/v8938-products-47565.php?page_id=865', 'http://voguepatterns.mccall.com/filebin/images/product_images/Full/V8938.jpg', 'http://voguepatterns.mccall.com/newsletters/img.sewingtoday.com/cat/20000/add_img/V8938.gif', 'Loose-fitting, pullover top has seam detail, cap sleeves, and narrow hem. B back pleats, back longer than front, wrong side shows. Fitted skirt and semi-fitted, tapered or wide-legged pants are below waist. D waistband, side front pockets, side back seams, and mock fly zipper. E front pleats. C and E elasticized waist.'), (214, 1, '8280', 15, 'http://voguepatterns.mccall.com/v8280-products-6705.php?page_id=857', 'http://voguepatterns.mccall.com/filebin/images/product_images/Full/V8280.jpg', 'http://voguepatterns.mccall.com/newsletters/img.sewingtoday.com/cat/20000/add_img/V8280.gif', 'Fitted dress, lined bodice, back zipper closing with front flange. A, B, E, F back slit opening. C, D pleated lower section. Armhole and sleeve variations. A sash with hook and eye closing.'), (215, 1, '8150', NULL, 'http://voguepatterns.mccall.com/v8150-products-7083.php?page_id=861', 'http://voguepatterns.mccall.com/filebin/images/product_images/Full/V8150.jpg', 'http://voguepatterns.mccall.com/newsletters/img.sewingtoday.com/cat/20000/add_img/V8150.gif', 'Lined, fitted, slightly flared dress has front and back drapes, pleated lower front, hem variations and side zipper closure.'), (216, 1, '1288', 19, 'http://voguepatterns.mccall.com/v1288-products-16419.php?page_id=858', 'http://voguepatterns.mccall.com/filebin/images/product_images/Full/V1288.jpg', 'http://voguepatterns.mccall.com/newsletters/img.sewingtoday.com/cat/20000/add_img/V1288.gif', 'Close-fitting, lined dress (fitted through hips) has overlay, contrast bias trim and invisible back zipper. Bias binding (lining) finishes seams.'), (217, 1, '1358', 2, 'http://voguepatterns.mccall.com/v1358-products-47535.php?page_id=174', 'http://voguepatterns.mccall.com/filebin/images/product_images/Full/V1358.jpg', 'http://voguepatterns.mccall.com/newsletters/img.sewingtoday.com/cat/20000/add_img/V1358.gif', 'Lined, wrapped dress has collar, collar band, self-lined yoke, forward shoulder seams, no shoulder seams, front bands, semi-fitted bodice, waist pleats, single-layer flounces and draped/pleated right front, wrong side shows, sleeves with button cuffs, and button/loop closing.'), (218, 1, '1327', 2, 'http://voguepatterns.mccall.com/v1327-products-44596.php?page_id=320', 'http://voguepatterns.mccall.com/filebin/images/product_images/Full/V1327.jpg', 'http://voguepatterns.mccall.com/newsletters/img.sewingtoday.com/cat/20000/add_img/V1327.gif', 'Lined dress has bias, pleated, twisted upper front bodice, semi-fitted bodice, front pleated skirt, invisible back zipper and vent.'), (219, 1, '2903', 11, 'http://voguepatterns.mccall.com/v2903-products-4894.php?page_id=850', 'http://voguepatterns.mccall.com/filebin/images/product_images/Full/V2903.jpg', 'http://voguepatterns.mccall.com/newsletters/img.sewingtoday.com/cat/20000/add_img/V2903.gif', 'Fitted dress, has princess seams, back zipper, flared skirt with inverted pleats at sides, side front and side back. Inside yoke extends above neckline. Lower calf length. B contrast yoke and three-quarter length sleeves.'), (220, 1, '1248', 33, 'http://voguepatterns.mccall.com/v1248-products-14159.php', 'http://voguepatterns.mccall.com/filebin/images/product_images/Full/V1248.jpg', 'http://voguepatterns.mccall.com/newsletters/img.sewingtoday.com/cat/20000/add_img/V1248.gif', 'Top Fitted, front and back snap closing. Skirt Flared, lined.'), (221, 1, '8728', 11, 'http://voguepatterns.mccall.com/v8728-products-14167.php?page_id=174', 'http://voguepatterns.mccall.com/filebin/images/product_images/Full/V8728.jpg', 'http://voguepatterns.mccall.com/newsletters/img.sewingtoday.com/cat/20000/add_img/V8728.gif', 'Dress has shoulder pads and side snap or zipper closing.'), (222, 1, '1360', 17, 'http://voguepatterns.mccall.com/v1360-products-47537.php?page_id=854', 'http://voguepatterns.mccall.com/filebin/images/product_images/Full/V1360.jpg', 'http://voguepatterns.mccall.com/newsletters/img.sewingtoday.com/cat/20000/add_img/V1360.gif', 'Close-fitting, lined dress has front godet, seam detail and invisible back zipper.'), (223, 1, '8930', 16, 'http://voguepatterns.mccall.com/v8930-products-47557.php?page_id=174', 'http://voguepatterns.mccall.com/filebin/images/product_images/Full/V8930.jpg', 'http://voguepatterns.mccall.com/newsletters/img.sewingtoday.com/cat/20000/add_img/V8930.gif', 'Very loose-fitting, wrap jacket has front extending into collar, and narrow hem. A and B single-layer, wrong side shows, and inside/outside pockets. C lined, side pockets. B and C shaped hemline.'), (224, 1, '8934', 36, 'http://voguepatterns.mccall.com/v8934-products-47561.php?page_id=4450', 'http://voguepatterns.mccall.com/filebin/images/product_images/Full/V8934.jpg', 'http://voguepatterns.mccall.com/newsletters/img.sewingtoday.com/cat/20000/add_img/V8934.gif', 'Loose-fitting coat has collar, side pockets, hemline darts, and front button closing. A unlined, front band, patch variations, and stitched hems. B lined, fly front closing.'), (225, 1, '8937', 16, 'http://voguepatterns.mccall.com/v8937-products-47564.php?page_id=864', 'http://voguepatterns.mccall.com/filebin/images/product_images/Full/V8937.jpg', 'http://voguepatterns.mccall.com/newsletters/img.sewingtoday.com/cat/20000/add_img/V8937.gif', 'Semi-fitted, lined to edge jacket has two-piece raglan sleeves and snap closing. B collar and side pockets. Semi-fitted, straight-legged pants have waistband, side pockets and mock fly zipper. Narrow hem.'), (226, 1, '1355', 34, 'http://voguepatterns.mccall.com/v1355-products-46631.php?page_id=174', 'http://voguepatterns.mccall.com/filebin/images/product_images/Full/V1355.jpg', 'http://voguepatterns.mccall.com/newsletters/img.sewingtoday.com/cat/20000/add_img/V1355.gif', 'Pullover, lined top (close-fitting through bust) has cut-in back armholes. Pants (very loose-fitting through hips) have waistband, inside leg drape, no side seams, and tapered lower edge. A, B, C narrow hem.'), (227, 1, '8910', NULL, 'http://voguepatterns.mccall.com/v8910-products-46651.php?page_id=174', 'http://voguepatterns.mccall.com/filebin/images/product_images/Full/V8910.jpg', 'http://voguepatterns.mccall.com/newsletters/img.sewingtoday.com/cat/20000/add_img/V8910.gif', 'Semi-fitted, bias, lined jacket has shoulder pads, shaped hemline variations, and button and bias loop closing. A and B front (shoulder pleats) extends into back collar.'), (228, 1, '8280', 15, 'http://voguepatterns.mccall.com/v8280-products-6705.php?page_id=855', 'http://voguepatterns.mccall.com/filebin/images/product_images/Full/V8280.jpg', 'http://voguepatterns.mccall.com/newsletters/img.sewingtoday.com/cat/20000/add_img/V8280.gif', 'Fitted dress, lined bodice, back zipper closing with front flange. A, B, E, F back slit opening. C, D pleated lower section. Armhole and sleeve variations. A sash with hook and eye closing.'), (229, 1, '8358', 16, 'http://voguepatterns.mccall.com/v8358-products-5828.php?page_id=859', 'http://voguepatterns.mccall.com/filebin/images/product_images/Full/V8358.jpg', 'http://voguepatterns.mccall.com/newsletters/img.sewingtoday.com/cat/20000/add_img/V8358.gif', 'Dress is floor length, pullover, A-line with front darts and gathered straps crisscrossed at back. Back side is cut fuller.'), (230, 1, '1351', 30, 'http://voguepatterns.mccall.com/v1351-products-46627.php?page_id=313', 'http://voguepatterns.mccall.com/filebin/images/product_images/Full/V1351.jpg', 'http://voguepatterns.mccall.com/newsletters/img.sewingtoday.com/cat/20000/add_img/V1351.gif', 'Lined, pullover dress has draped front neckline, closing-fitting, bias front bodice and skirt, and invisible side zipper.'), (231, 1, '8915', 16, 'http://voguepatterns.mccall.com/v8915-products-46656.php?page_id=864', 'http://voguepatterns.mccall.com/filebin/images/product_images/Full/V8915.jpg', 'http://voguepatterns.mccall.com/newsletters/img.sewingtoday.com/cat/20000/add_img/V8915.gif', 'Linen, Gauze, Jerseys and Broadcloth.'), (232, 1, '8728', 11, 'http://voguepatterns.mccall.com/v8728----pattern-of-the-week----products-14167.php?page_id=855', 'http://voguepatterns.mccall.com/filebin/images/product_images/Full/V8728.jpg', 'http://voguepatterns.mccall.com/newsletters/img.sewingtoday.com/cat/20000/add_img/V8728.gif', 'Dress has shoulder pads and side snap or zipper closing.'), (233, 1, '8810', 15, 'http://voguepatterns.mccall.com/v8810-products-22892.php?page_id=855', 'http://voguepatterns.mccall.com/filebin/images/product_images/Full/V8810.jpg', 'http://voguepatterns.mccall.com/newsletters/img.sewingtoday.com/cat/20000/add_img/V8810.gif', 'Dress has front band extending into back collar, dropped shoulders, loose-fitting bodice, waist casing, stitched hems, sleeve variations, and belt. A, B and C semi-fitted through hips. C and F sleeves with pleats, seam opening and button cuffs. D, E and F side pockets and narrow hem.'), (234, 1, '8682', 16, 'http://voguepatterns.mccall.com/v8682-products-13206.php?page_id=942', 'http://voguepatterns.mccall.com/filebin/images/product_images/Full/V8682.jpg', 'http://voguepatterns.mccall.com/newsletters/img.sewingtoday.com/cat/20000/add_img/V8682.gif', 'Semi-fitted dresses A, B have front pleats, dolman sleeves, back darts, slit, zipper and stitched hems. A below mid-knee, elbow length sleeves. B below mid-calf, three-quarter length sleeves.'), (235, 1, '8598', 40, 'http://voguepatterns.mccall.com/v8598-products-10474.php?page_id=952', 'http://voguepatterns.mccall.com/filebin/images/product_images/Full/V8598.jpg', 'http://voguepatterns.mccall.com/newsletters/img.sewingtoday.com/cat/20000/add_img/V8598.gif', 'Semi-fitted shirts A, B, C, D, E have princess seams, banded collars and stitched hems. A faced armholes. B, C gathered sleeves, cuffs. D, E pleated sleeves, cuffs.'), (236, 1, '1354', 2, 'http://voguepatterns.mccall.com/v1354-products-46630.php?page_id=857', 'http://voguepatterns.mccall.com/filebin/images/product_images/Full/V1354.jpg', 'http://voguepatterns.mccall.com/newsletters/img.sewingtoday.com/cat/20000/add_img/V1354.gif', 'Lined dress has close-fitting, bias front, draped (overlapped front) bodice with stays, gathered skirt, and elasticized back casings and invisible zipper.'), (237, 1, '8915', 16, 'http://voguepatterns.mccall.com/v8915-products-46656.php?page_id=4515', 'http://voguepatterns.mccall.com/filebin/images/product_images/Full/V8915.jpg', 'http://voguepatterns.mccall.com/newsletters/img.sewingtoday.com/cat/20000/add_img/V8915.gif', 'Linen, Gauze, Jerseys and Broadcloth.'), (238, 1, '8934', 36, 'http://voguepatterns.mccall.com/v8934-products-47561.php?page_id=265', 'http://voguepatterns.mccall.com/filebin/images/product_images/Full/V8934.jpg', 'http://voguepatterns.mccall.com/newsletters/img.sewingtoday.com/cat/20000/add_img/V8934.gif', 'Loose-fitting coat has collar, side pockets, hemline darts, and front button closing. A unlined, front band, patch variations, and stitched hems. B lined, fly front closing.'), (239, 1, '8789', 11, 'http://voguepatterns.mccall.com/v8789-products-16431.php?page_id=850', 'http://voguepatterns.mccall.com/filebin/images/product_images/Full/V8789.jpg', 'http://voguepatterns.mccall.com/newsletters/img.sewingtoday.com/cat/20000/add_img/V8789.gif', 'Pullover dress has fitted bodice, skirt front/back cut-in-one, no right side seam, and left side zipper. A bias bodice. B button/loop shoulder closing, dress cut on crosswise grain of fabric. Bias, self-lined cummerbund has hook/eye closure.'), (240, 1, '1353', 17, 'http://voguepatterns.mccall.com/v1353-products-46629.php?page_id=854', 'http://voguepatterns.mccall.com/filebin/images/product_images/Full/V1353.jpg', 'http://voguepatterns.mccall.com/newsletters/img.sewingtoday.com/cat/20000/add_img/V1353.gif', 'Lined dress has front neckline pleats, close-fitting bodice (slightly above waist), pleated skirt, thread loops, and invisible back zipper. Hem is topstitched in place by hand. Purchased belt.'), (241, 1, '1333', 6, 'http://voguepatterns.mccall.com/v1333-products-44602.php?page_id=174', 'http://voguepatterns.mccall.com/filebin/images/product_images/Full/V1333.jpg', 'http://voguepatterns.mccall.com/newsletters/img.sewingtoday.com/cat/20000/add_img/V1333.gif', 'Blouse, loose-fitting through bust, has front and back extending into shaped sleeve (forming underarm drape) and front button closing. Loose-fitting skirt has elasticized waistband, and single layer, tucked drape (cut on crosswise grain), wrong side shows. Both have narrow hem.'), (242, 1, '8789', 11, 'http://voguepatterns.mccall.com/v8789-products-16431.php?page_id=857', 'http://voguepatterns.mccall.com/filebin/images/product_images/Full/V8789.jpg', 'http://voguepatterns.mccall.com/newsletters/img.sewingtoday.com/cat/20000/add_img/V8789.gif', 'Pullover dress has fitted bodice, skirt front/back cut-in-one, no right side seam, and left side zipper. A bias bodice. B button/loop shoulder closing, dress cut on crosswise grain of fabric. Bias, self-lined cummerbund has hook/eye closure.'), (243, 1, '8723', 37, 'http://voguepatterns.mccall.com/v8723-products-14162.php?page_id=856', 'http://voguepatterns.mccall.com/filebin/images/product_images/Full/V8723.jpg', 'http://voguepatterns.mccall.com/newsletters/img.sewingtoday.com/cat/20000/add_img/V8723.gif', 'A, B Lined, fitted bodice and side seam pockets. A, B, C, D cup sizes:'), (244, 1, '8904', 36, 'http://voguepatterns.mccall.com/v8904-products-46645.php?page_id=174', 'http://voguepatterns.mccall.com/filebin/images/product_images/Full/V8904.jpg', 'http://voguepatterns.mccall.com/newsletters/img.sewingtoday.com/cat/20000/add_img/V8904.gif', 'Close-fitting, pullover dress has self neck binding, tiers, and raw edge finish. A sleeves. B self armhole binding'), (245, 1, '8907', NULL, 'http://voguepatterns.mccall.com/v8907-products-46648.php?page_id=866', 'http://voguepatterns.mccall.com/filebin/images/product_images/Full/V8907.jpg', 'http://voguepatterns.mccall.com/newsletters/img.sewingtoday.com/cat/20000/add_img/V8907.gif', 'Semi-fitted, pullover top or tunic has narrow hem. Wrong side shows on drape A and B (right shoulder pleat B) and shaped hemline C.'), (246, 1, '1350', 8, 'http://voguepatterns.mccall.com/v1350-products-46626.php?page_id=174', 'http://voguepatterns.mccall.com/filebin/images/product_images/Full/V1350.jpg', 'http://voguepatterns.mccall.com/newsletters/img.sewingtoday.com/cat/20000/add_img/V1350.gif', 'Lined dress has yoke fronts extending into sleeves, close-fitting bodice with side back seams, raised waist, semi-fitted skirt, side front extends to lower side back, no side seams, mock front bands, and concealed snap closing.'), (247, 1, '8684', 37, 'http://voguepatterns.mccall.com/v8684-products-13208.php?page_id=941', 'http://voguepatterns.mccall.com/filebin/images/product_images/Full/V8684.jpg', 'http://voguepatterns.mccall.com/newsletters/img.sewingtoday.com/cat/20000/add_img/V8684.gif', 'Close-fitting dresses A, B have bodice darts, two-piece raglan sleeves with gathered front, below waist seam, gathered skirt, mid-knee length, back zipper and stitched hems. A short sleeves. B elbow length sleeves. A, B, C, D cup sizes.'), (248, 1, '2902', 11, 'http://voguepatterns.mccall.com/v2902-products-4893.php?page_id=850', 'http://voguepatterns.mccall.com/filebin/images/product_images/Full/V2902.jpg', 'http://voguepatterns.mccall.com/newsletters/img.sewingtoday.com/cat/20000/add_img/V2902.gif', 'Lined dress, below mid-calf length, has fitted bodice, circular skirt, side zipper, inside belt and contrast band extending into shoulder straps. A ribbon belt with purchased decorative pin. B contrast hem band.'), (249, 1, '8821', 16, 'http://voguepatterns.mccall.com/v8821-products-22903.php?page_id=864', 'http://voguepatterns.mccall.com/filebin/images/product_images/Full/V8821.jpg', 'http://voguepatterns.mccall.com/newsletters/img.sewingtoday.com/cat/20000/add_img/V8821.gif', 'Very loose-fitting, pullover tunic has princess seams, side slits, narrow hem, back longer than front (wrong side shows), and back neck slit with hook/eye closing. B stitched hem on sleeves. Purchased bias tape finishes neckline, and armholes A. Semi-fitted, straight-legged pants have self-lined yokes, back zipper and stitched hems.'), (250, 1, '8871', 16, 'http://voguepatterns.mccall.com/v8871-products-44843.php?page_id=174', 'http://voguepatterns.mccall.com/filebin/images/product_images/Full/V8871.jpg', 'http://voguepatterns.mccall.com/newsletters/img.sewingtoday.com/cat/20000/add_img/V8871.gif', 'Close-fitting, flared, pullover dress has seam detail and narrow hem. B cut on crosswise grain.'), (251, 1, '8900', NULL, 'http://voguepatterns.mccall.com/v8900-products-46641.php?page_id=855', 'http://voguepatterns.mccall.com/filebin/images/product_images/Full/V8900.jpg', 'http://voguepatterns.mccall.com/newsletters/img.sewingtoday.com/cat/20000/add_img/V8900.gif', 'Dress (close-fitting through bust) has cut-in armholes, shaped princess seams, back zipper and narrow hem. A collar and side insets.'), (252, 1, '8597', 16, 'http://voguepatterns.mccall.com/v8597-products-10473.php?page_id=866', 'http://voguepatterns.mccall.com/filebin/images/product_images/Full/V8597.jpg', 'http://voguepatterns.mccall.com/newsletters/img.sewingtoday.com/cat/20000/add_img/V8597.gif', 'Close-fitting, pullover tops A, B, C have raglan sleeves and stitched hems. A below elbow length sleeves. A, B front extends to form cowl collar. B, C full length sleeves. C attached cowl collar.'), (253, 1, '7876', 40, 'http://voguepatterns.mccall.com/v7876-products-63.php?page_id=866', 'http://voguepatterns.mccall.com/filebin/images/product_images/Full/V7876.jpg', 'http://voguepatterns.mccall.com/newsletters/img.sewingtoday.com/cat/20000/add_img/V7876.gif', 'Unlined, wrap top has side ties and sleeve variations. A, B purchased tie ring. C, D, E front drape.'), (254, 1, '8151', 6, 'http://voguepatterns.mccall.com/v8151-products-6657.php?page_id=852', 'http://voguepatterns.mccall.com/filebin/images/product_images/Full/V8151.jpg', 'http://voguepatterns.mccall.com/newsletters/img.sewingtoday.com/cat/20000/add_img/V8151.gif', 'Pullover tops with set in sleeves. A wrapped front, band, shirred sides and long sleeves. B top with three-quarter length sleeves and optional tie front.'), (255, 1, '8885', 41, 'http://voguepatterns.mccall.com/v8885-products-44857.php?page_id=4447', 'http://voguepatterns.mccall.com/filebin/images/product_images/Full/V8885.jpg', 'http://voguepatterns.mccall.com/newsletters/img.sewingtoday.com/cat/20000/add_img/V8885.gif', 'Unlined jacket. A semi-fitted, collar (cut on crosswise grain), gathers, and band extends into tie ends. B bias neck trim, tie ends, front, back and side pleats. C bias, back and shoulder pleats, no side seams, and opening for arms. D princess seams, front extends into collar (wrong side shows), and french seams. B, C and D loose-fitting. C and D narrow hem.'), (256, 1, '8742', 16, 'http://voguepatterns.mccall.com/v8742-products-14712.php?page_id=174', 'http://voguepatterns.mccall.com/filebin/images/product_images/Full/V8742.jpg', 'http://voguepatterns.mccall.com/newsletters/img.sewingtoday.com/cat/20000/add_img/V8742.gif', 'Close fitting.'), (257, 1, '8900', NULL, 'http://voguepatterns.mccall.com/v8900-products-46641.php?page_id=4515', 'http://voguepatterns.mccall.com/filebin/images/product_images/Full/V8900.jpg', 'http://voguepatterns.mccall.com/newsletters/img.sewingtoday.com/cat/20000/add_img/V8900.gif', 'Dress (close-fitting through bust) has cut-in armholes, shaped princess seams, back zipper and narrow hem. A collar and side insets.'), (258, 1, '8872', 15, 'http://voguepatterns.mccall.com/v8872-products-44844.php?page_id=855', 'http://voguepatterns.mccall.com/filebin/images/product_images/Full/V8872.jpg', 'http://voguepatterns.mccall.com/newsletters/img.sewingtoday.com/cat/20000/add_img/V8872.gif', 'Dress has lined, close-fitting bodice and seamed midriff, and back zipper. B armhole bands, carriers, and purchased belt. A,B,C bias front bodice with side front seams. A,B,D semi-fitted skirt. B and D back slit. D,E,F left front shoulder pleats.'), (259, 1, '8871', 16, 'http://voguepatterns.mccall.com/v8871-products-44843.php?page_id=856', 'http://voguepatterns.mccall.com/filebin/images/product_images/Full/V8871.jpg', 'http://voguepatterns.mccall.com/newsletters/img.sewingtoday.com/cat/20000/add_img/V8871.gif', 'Close-fitting, flared, pullover dress has seam detail and narrow hem. B cut on crosswise grain.'), (260, 1, '1353', 17, 'http://voguepatterns.mccall.com/v1353-products-46629.php?page_id=1261', 'http://voguepatterns.mccall.com/filebin/images/product_images/Full/V1353.jpg', 'http://voguepatterns.mccall.com/newsletters/img.sewingtoday.com/cat/20000/add_img/V1353.gif', 'Lined dress has front neckline pleats, close-fitting bodice (slightly above waist), pleated skirt, thread loops, and invisible back zipper. Hem is topstitched in place by hand. Purchased belt.'), (261, 1, '8747', 42, 'http://voguepatterns.mccall.com/v8747-products-14717.php?page_id=259', 'http://voguepatterns.mccall.com/filebin/images/product_images/Full/V8747.jpg', 'http://voguepatterns.mccall.com/newsletters/img.sewingtoday.com/cat/20000/add_img/V8747.gif', 'Fitted. A, B, C, & D Cups.'), (262, 1, '8756', 16, 'http://voguepatterns.mccall.com/v8756-products-14726.php?page_id=864', 'http://voguepatterns.mccall.com/filebin/images/product_images/Full/V8756.jpg', 'http://voguepatterns.mccall.com/newsletters/img.sewingtoday.com/cat/20000/add_img/V8756.gif', 'A,B Loose fitting, facing side of jacket will show. C Fitted, straight leg, side seam pockets, hook and eye closure.'), (263, 1, '1256', 19, 'http://voguepatterns.mccall.com/v1256-products-14703.php?page_id=318', 'http://voguepatterns.mccall.com/filebin/images/product_images/Full/V1256.jpg', 'http://voguepatterns.mccall.com/newsletters/img.sewingtoday.com/cat/20000/add_img/V1256.gif', 'Lined, mock wrap dress has fitted bodice. Wrong side of fabric shows. Purchased jeweled applique.'), (264, 1, '1236', 30, 'http://voguepatterns.mccall.com/v1236-products-14147.php?page_id=313', 'http://voguepatterns.mccall.com/filebin/images/product_images/Full/V1236.jpg', 'http://voguepatterns.mccall.com/newsletters/img.sewingtoday.com/cat/20000/add_img/V1236.gif', 'Loose-fitting dress.'), (265, 1, '8859', 36, 'http://voguepatterns.mccall.com/v8859-products-44619.php?page_id=264', 'http://voguepatterns.mccall.com/filebin/images/product_images/Full/V8859.jpg', 'http://voguepatterns.mccall.com/newsletters/img.sewingtoday.com/cat/20000/add_img/V8859.gif', 'Close-fitting pants have elastic waist, three construction methods for pleats in knee area, back yokes/pockets, and stitched hems.'), (266, 1, '8877', 16, 'http://voguepatterns.mccall.com/v8877-products-44849.php?page_id=260', 'http://voguepatterns.mccall.com/filebin/images/product_images/Full/V8877.jpg', 'http://voguepatterns.mccall.com/newsletters/img.sewingtoday.com/cat/20000/add_img/V8877.gif', 'Loose-fitting, pullover top has narrow hem. B and C dropped shoulders. Purchased bias tape finishes neckline.'), (267, 1, '1238', 43, 'http://voguepatterns.mccall.com/v1238-products-14149.php?page_id=944', 'http://voguepatterns.mccall.com/filebin/images/product_images/Full/V1238.jpg', 'http://voguepatterns.mccall.com/newsletters/img.sewingtoday.com/cat/20000/add_img/V1238.gif', 'Pullover dress is very loose-fitting at the bust. No provision made for above waistline adjustment.'), (268, 1, '1344', 20, 'http://voguepatterns.mccall.com/v1344-products-44838.php?page_id=174', 'http://voguepatterns.mccall.com/filebin/images/product_images/Full/V1344.jpg', 'http://voguepatterns.mccall.com/newsletters/img.sewingtoday.com/cat/20000/add_img/V1344.gif', 'Pullover, mock wrap, lined dress has shoulder pleats, loose-fitting bodice, elasticized, seamed waist, front overlay (wrong side shows), bias armhole bands, and very narrow hem.'), (269, 1, '1172', 11, 'http://voguepatterns.mccall.com/v1172-products-11080.php?page_id=850', 'http://voguepatterns.mccall.com/filebin/images/product_images/Full/V1172.jpg', 'http://voguepatterns.mccall.com/newsletters/img.sewingtoday.com/cat/20000/add_img/V1172.gif', 'Below mid-calf length, sleeveless dresses A, B have close-fitting V-neck bodice with princess seams and extended shoulders, flared skirt with godets, side zipper and inside belt. Self-fabric or purchased belt. Purchased petticoat.'), (270, 1, '8902', 10, 'http://voguepatterns.mccall.com/v8902-products-46643.php?page_id=857', 'http://voguepatterns.mccall.com/filebin/images/product_images/Full/V8902.jpg', 'http://voguepatterns.mccall.com/newsletters/img.sewingtoday.com/cat/20000/add_img/V8902.gif', 'Dress has close-fitting, bias bodice/sides, seam detail, sleeve and skirt variations, and back zipper. Topstitching. Bodices, sides and sleeves lined. C and F stitched hem on sleeves. D, E and F narrow hem. A, B, C, D cup sizes.'), (271, 1, '1298', 8, 'http://voguepatterns.mccall.com/v1298-products-22872.php?page_id=854', 'http://voguepatterns.mccall.com/filebin/images/product_images/Full/V1298.jpg', 'http://voguepatterns.mccall.com/newsletters/img.sewingtoday.com/cat/20000/add_img/V1298.gif', 'Lined dress has straps extending into bands, close-fitting, front pleated bodice, back waistband, pleated skirt with raised waist, side back seams, shaped front hemline, invisible back zipper, and no side seams. Note no provisions provided for above waist adjustments.'), (272, 1, '1274', 44, 'http://voguepatterns.mccall.com/v1274-products-15137.php?page_id=866', 'http://voguepatterns.mccall.com/filebin/images/product_images/Full/V1274.jpg', 'http://voguepatterns.mccall.com/newsletters/img.sewingtoday.com/cat/20000/add_img/V1274.gif', 'Very loose-fitting top has collar, low armholes, asymmetrical button closing and three-quarter length sleeves with button drape. Narrow hem. B back-buttoned drape. Front, back and sleeves extend into drapes.'), (273, 1, '8884', NULL, 'http://voguepatterns.mccall.com/v8884-products-44856.php?page_id=265', 'http://voguepatterns.mccall.com/filebin/images/product_images/Full/V8884.jpg', 'http://voguepatterns.mccall.com/newsletters/img.sewingtoday.com/cat/20000/add_img/V8884.gif', 'Semi-fitted, partially interfaced, lined coat has collar, collar band, shoulder pads, yokes, and two-piece sleeves. Topstitching. A and B side pockets. C seam detail, welt pockets, sleeve tabs, loops for tab and self belt.'), (274, 1, '8876', 36, 'http://voguepatterns.mccall.com/v8876-products-44848.php?page_id=855', 'http://voguepatterns.mccall.com/filebin/images/product_images/Full/V8876.jpg', 'http://voguepatterns.mccall.com/newsletters/img.sewingtoday.com/cat/20000/add_img/V8876.gif', 'Loose-fitting dress has collar with casing, yokes (self-lined back, cut on crosswise grain), princess seams, side pockets, back pleat, and hem band. A and C self-lined cap sleeves. C stitched hem on sleeves. B and C front zipper. Purchased drawstring for collar.'), (275, 1, '1356', 34, 'http://voguepatterns.mccall.com/v1356-products-46632.php?page_id=852', 'http://voguepatterns.mccall.com/filebin/images/product_images/Full/V1356.jpg', 'http://voguepatterns.mccall.com/newsletters/img.sewingtoday.com/cat/20000/add_img/V1356.gif', 'Very loose-fitting, unlined duster has optional shoulder pads, bias, two-piece sleeves with stitched hem, turn-back cuff, side slits, bias placket and snap closing. B upper/lower pockets. Very loose-fitting, tapered pants have elasticized waist, stitched hems and back slits. A, B, C topstitching.'), (276, 1, '8727', 15, 'http://voguepatterns.mccall.com/v8727-products-14166.php?page_id=857', 'http://voguepatterns.mccall.com/filebin/images/product_images/Full/V8727.jpg', 'http://voguepatterns.mccall.com/newsletters/img.sewingtoday.com/cat/20000/add_img/V8727.gif', 'Close-fitting (through bodice), lined.'), (277, 1, '7910', NULL, 'http://voguepatterns.mccall.com/v7910-products-338.php?page_id=263', 'http://voguepatterns.mccall.com/filebin/images/product_images/Full/V7910.jpg', 'http://voguepatterns.mccall.com/newsletters/img.sewingtoday.com/cat/20000/add_img/V7910.gif', 'Loose-fitting, flared skirt, below mid-knee length has seam variations and back zipper closure. A, B waistband. C side front pockets.'), (278, 1, '8390', 16, 'http://voguepatterns.mccall.com/v8390-products-8411.php?page_id=260', 'http://voguepatterns.mccall.com/filebin/images/product_images/Full/V8390.jpg', 'http://voguepatterns.mccall.com/newsletters/img.sewingtoday.com/cat/20000/add_img/V8390.gif', 'Wrap front top is gathered at left side. A halter. B short sleeve. C below elbow length sleeve.'), (279, 1, '1312', 44, 'http://voguepatterns.mccall.com/v1312-products-27085.php?page_id=716', 'http://voguepatterns.mccall.com/filebin/images/product_images/Full/V1312.jpg', 'http://voguepatterns.mccall.com/newsletters/img.sewingtoday.com/cat/20000/add_img/V1312.gif', 'Pullover dress has close-fitting, self-lined bodice, raised waist, seamed skirt, stitched hem, and invisible side zipper.'), (280, 1, '1228', 45, 'http://voguepatterns.mccall.com/v1228-products-13646.php?page_id=174', 'http://voguepatterns.mccall.com/filebin/images/product_images/Full/V1228.jpg', 'http://voguepatterns.mccall.com/newsletters/img.sewingtoday.com/cat/20000/add_img/V1228.gif', 'Close-fitting (through bustline), above mid-knee length dress has front and back stitched pleats, kimono sleeves with sleeve band and tabs, stitched facing at neckline, invisible side zipper, very narrow hem at lower edge.'), (281, 1, '1247', 8, 'http://voguepatterns.mccall.com/v1247-products-14158.php?page_id=1112', 'http://voguepatterns.mccall.com/filebin/images/product_images/Full/V1247.jpg', 'http://voguepatterns.mccall.com/newsletters/img.sewingtoday.com/cat/20000/add_img/V1247.gif', 'Very loose-fitting top. Semi-fitted A-lined skirt has front in-seam pockets.'), (282, 1, '8827', NULL, 'http://voguepatterns.mccall.com/v8827-products-27102.php?page_id=174', 'http://voguepatterns.mccall.com/filebin/images/product_images/Full/V8827.jpg', 'http://voguepatterns.mccall.com/newsletters/img.sewingtoday.com/cat/20000/add_img/V8827.gif', 'Very loose-fitting, wrap dress has front extending into collar/draped front variations, self-lined yoke back, inside ties, and belt.'), (283, 1, '8907', NULL, 'http://voguepatterns.mccall.com/v8907-products-46648.php?page_id=174', 'http://voguepatterns.mccall.com/filebin/images/product_images/Full/V8907.jpg', 'http://voguepatterns.mccall.com/newsletters/img.sewingtoday.com/cat/20000/add_img/V8907.gif', 'Semi-fitted, pullover top or tunic has narrow hem. Wrong side shows on drape A and B (right shoulder pleat B) and shaped hemline C.'), (284, 1, '1250', 30, 'http://voguepatterns.mccall.com/v1250-products-14161.php?page_id=857', 'http://voguepatterns.mccall.com/filebin/images/product_images/Full/V1250.jpg', 'http://voguepatterns.mccall.com/newsletters/img.sewingtoday.com/cat/20000/add_img/V1250.gif', 'Close-fitting dress.'), (285, 1, '1316', 20, 'http://voguepatterns.mccall.com/v1316-products-27089.php?page_id=174', 'http://voguepatterns.mccall.com/filebin/images/product_images/Full/V1316.jpg', 'http://voguepatterns.mccall.com/newsletters/img.sewingtoday.com/cat/20000/add_img/V1316.gif', 'Fitted, lined dress has seam detail, bands, contrast, and back zipper/vent.'), (286, 1, '8852', NULL, 'http://voguepatterns.mccall.com/v8852-products-44612.php?page_id=861', 'http://voguepatterns.mccall.com/filebin/images/product_images/Full/V8852.jpg', 'http://voguepatterns.mccall.com/newsletters/img.sewingtoday.com/cat/20000/add_img/V8852.gif', 'Lined dress has shoulder straps, attached straps with sash, close-fitting bodice, raised waist, bias skirt, and invisible back zipper. C front pleated bodice.'), (287, 1, '8241', 16, 'http://voguepatterns.mccall.com/v8241-products-5032.php?page_id=859', 'http://voguepatterns.mccall.com/filebin/images/product_images/Full/V8241.jpg', 'http://voguepatterns.mccall.com/newsletters/img.sewingtoday.com/cat/20000/add_img/V8241.gif', 'Semi-fitted, pullover lined dress with waistline casing in seam and blousing in bodice, back neckline opening with button and loop closing. A ribbon belt. B belt with buckle.'), (288, 1, '8876', 36, 'http://voguepatterns.mccall.com/v8876-products-44848.php?page_id=174', 'http://voguepatterns.mccall.com/filebin/images/product_images/Full/V8876.jpg', 'http://voguepatterns.mccall.com/newsletters/img.sewingtoday.com/cat/20000/add_img/V8876.gif', 'Loose-fitting dress has collar with casing, yokes (self-lined back, cut on crosswise grain), princess seams, side pockets, back pleat, and hem band. A and C self-lined cap sleeves. C stitched hem on sleeves. B and C front zipper. Purchased drawstring for collar.'), (289, 1, '1183', 17, 'http://voguepatterns.mccall.com/v1183-products-11091.php?page_id=174', 'http://voguepatterns.mccall.com/filebin/images/product_images/Full/V1183.jpg', 'http://voguepatterns.mccall.com/newsletters/img.sewingtoday.com/cat/20000/add_img/V1183.gif', 'Fitted, lined dress, above mid-knee length, has princess seams, midriff, straight skirt, back zipper, slit and topstitch trim. Purchased belt.'), (290, 1, '1084', 11, 'http://voguepatterns.mccall.com/v1084-products-9745.php', 'http://voguepatterns.mccall.com/filebin/images/product_images/Full/V1084.jpg', 'http://voguepatterns.mccall.com/newsletters/img.sewingtoday.com/cat/20000/add_img/V1084.gif', 'Close-fitting, flared dress with side front seams and darts, raised front neckline, low back with darts, waistline seam, tie, skirt with side back seams and inverted pleat, side zipper closing. A short sleeves. B long sleeves with snap closing. Below mid-calf length.'), (291, 1, '1354', 2, 'http://voguepatterns.mccall.com/v1354-products-46630.php?page_id=320', 'http://voguepatterns.mccall.com/filebin/images/product_images/Full/V1354.jpg', 'http://voguepatterns.mccall.com/newsletters/img.sewingtoday.com/cat/20000/add_img/V1354.gif', 'Lined dress has close-fitting, bias front, draped (overlapped front) bodice with stays, gathered skirt, and elasticized back casings and invisible zipper.'), (292, 1, '8852', NULL, 'http://voguepatterns.mccall.com/v8852-products-44612.php?page_id=4456', 'http://voguepatterns.mccall.com/filebin/images/product_images/Full/V8852.jpg', 'http://voguepatterns.mccall.com/newsletters/img.sewingtoday.com/cat/20000/add_img/V8852.gif', 'Lined dress has shoulder straps, attached straps with sash, close-fitting bodice, raised waist, bias skirt, and invisible back zipper. C front pleated bodice.'), (293, 1, '8785', 16, 'http://voguepatterns.mccall.com/v8785-products-16427.php?page_id=856', 'http://voguepatterns.mccall.com/filebin/images/product_images/Full/V8785.jpg', 'http://voguepatterns.mccall.com/newsletters/img.sewingtoday.com/cat/20000/add_img/V8785.gif', 'Dress has collar, fitted bodice cut-in-one with sleeves, side pockets and narrow hem. Purchased belt.'), (294, 1, '1274', 44, 'http://voguepatterns.mccall.com/v1274-products-15137.php?page_id=716', 'http://voguepatterns.mccall.com/filebin/images/product_images/Full/V1274.jpg', 'http://voguepatterns.mccall.com/newsletters/img.sewingtoday.com/cat/20000/add_img/V1274.gif', 'Very loose-fitting top has collar, low armholes, asymmetrical button closing and three-quarter length sleeves with button drape. Narrow hem. B back-buttoned drape. Front, back and sleeves extend into drapes.'), (295, 1, '8885', 41, 'http://voguepatterns.mccall.com/v8885-products-44857.php?page_id=174', 'http://voguepatterns.mccall.com/filebin/images/product_images/Full/V8885.jpg', 'http://voguepatterns.mccall.com/newsletters/img.sewingtoday.com/cat/20000/add_img/V8885.gif', 'Unlined jacket. A semi-fitted, collar (cut on crosswise grain), gathers, and band extends into tie ends. B bias neck trim, tie ends, front, back and side pleats. C bias, back and shoulder pleats, no side seams, and opening for arms. D princess seams, front extends into collar (wrong side shows), and french seams. B, C and D loose-fitting. C and D narrow hem.'), (296, 1, '8469', 16, 'http://voguepatterns.mccall.com/v8469-products-7898.php', 'http://voguepatterns.mccall.com/filebin/images/product_images/Full/V8469.jpg', 'http://voguepatterns.mccall.com/newsletters/img.sewingtoday.com/cat/20000/add_img/V8469.gif', 'Semi-fitted dresses have lined bodice, midriffs, back zipper closures and topstitching details. A mid-knee length and cap sleeves with elastic casing. B 6" above ankle length, sleeveless.'), (297, 1, '1314', 32, 'http://voguepatterns.mccall.com/v1314-products-27087.php?page_id=857', 'http://voguepatterns.mccall.com/filebin/images/product_images/Full/V1314.jpg', 'http://voguepatterns.mccall.com/newsletters/img.sewingtoday.com/cat/20000/add_img/V1314.gif', 'Pullover, close-fitting, lined dress has draped sides and narrow hem.'), (298, 1, '8880', 16, 'http://voguepatterns.mccall.com/v8880-products-44852.php?page_id=866', 'http://voguepatterns.mccall.com/filebin/images/product_images/Full/V8880.jpg', 'http://voguepatterns.mccall.com/newsletters/img.sewingtoday.com/cat/20000/add_img/V8880.gif', 'Very loose-fitting, pullover top has neckline variations, elasticized (seamed) waist and stitched hem. A and B front neckline pleats, and purchased bias tape finishes neckline.'), (299, 1, '1254', 2, 'http://voguepatterns.mccall.com/v1254-products-14701.php', 'http://voguepatterns.mccall.com/filebin/images/product_images/Full/V1254.jpg', 'http://voguepatterns.mccall.com/newsletters/img.sewingtoday.com/cat/20000/add_img/V1254.gif', 'Lined, close-fitting dress.'), (300, 1, '8725', 37, 'http://voguepatterns.mccall.com/v8725-products-14164.php?page_id=856', 'http://voguepatterns.mccall.com/filebin/images/product_images/Full/V8725.jpg', 'http://voguepatterns.mccall.com/newsletters/img.sewingtoday.com/cat/20000/add_img/V8725.gif', 'A, B Close-fitting and lined. A/B, C, D cup sizes. No provision made for above waistline adjustments.'), (301, 1, '2962', 11, 'http://voguepatterns.mccall.com/v2962-products-8314.php?page_id=861', 'http://voguepatterns.mccall.com/filebin/images/product_images/Full/V2962.jpg', 'http://voguepatterns.mccall.com/newsletters/img.sewingtoday.com/cat/20000/add_img/V2962.gif', 'Lined halter dress in two lengths, gathered upper bodice with fitted lower bodice around midriff. Skirt gathered into waistline seam. Back buttons, loops and snap closures. A purchased flower.'), (302, 1, '1312', 44, 'http://voguepatterns.mccall.com/v1312-products-27085.php?page_id=854', 'http://voguepatterns.mccall.com/filebin/images/product_images/Full/V1312.jpg', 'http://voguepatterns.mccall.com/newsletters/img.sewingtoday.com/cat/20000/add_img/V1312.gif', 'Pullover dress has close-fitting, self-lined bodice, raised waist, seamed skirt, stitched hem, and invisible side zipper.'), (303, 1, '1247', 8, 'http://voguepatterns.mccall.com/v1247-products-14158.php?page_id=174', 'http://voguepatterns.mccall.com/filebin/images/product_images/Full/V1247.jpg', 'http://voguepatterns.mccall.com/newsletters/img.sewingtoday.com/cat/20000/add_img/V1247.gif', 'Very loose-fitting top. Semi-fitted A-lined skirt has front in-seam pockets.'), (304, 1, '2401', 11, 'http://voguepatterns.mccall.com/v2401-products-249.php', 'http://voguepatterns.mccall.com/filebin/images/product_images/Full/V2401.jpg', 'http://voguepatterns.mccall.com/newsletters/img.sewingtoday.com/cat/20000/add_img/V2401.gif', NULL), (305, 1, '8774', NULL, 'http://voguepatterns.mccall.com/v8774-products-15154.php?page_id=264', 'http://voguepatterns.mccall.com/filebin/images/product_images/Full/V8774.jpg', 'http://voguepatterns.mccall.com/newsletters/img.sewingtoday.com/cat/20000/add_img/V8774.gif', 'Fitted, tapered or straight-legged jeans (below waist) have shaped waistband with hook/eye closure, carriers, front/back pockets, back yokes, and binding for front fly zipper closing. Topstitching and narrow hem. Purchased belt (approx. 2").'), (306, 1, '1354', 2, 'http://voguepatterns.mccall.com/v1354-products-46630.php?page_id=854', 'http://voguepatterns.mccall.com/filebin/images/product_images/Full/V1354.jpg', 'http://voguepatterns.mccall.com/newsletters/img.sewingtoday.com/cat/20000/add_img/V1354.gif', 'Lined dress has close-fitting, bias front, draped (overlapped front) bodice with stays, gathered skirt, and elasticized back casings and invisible zipper.'), (307, 1, '8920', NULL, 'http://voguepatterns.mccall.com/v8920-products-47547.php?page_id=857', 'http://voguepatterns.mccall.com/filebin/images/product_images/Full/V8920.jpg', 'http://voguepatterns.mccall.com/newsletters/img.sewingtoday.com/cat/20000/add_img/V8920.gif', 'Pullover, lined dress (close-fitting through bust) has neck band, side front and side back seams, side godets, and narrow hem. A and B raw edge finish on sleeve hems. B hem band.'), (308, 1, '1305', 12, 'http://voguepatterns.mccall.com/v1305-products-22879.php?page_id=854', 'http://voguepatterns.mccall.com/filebin/images/product_images/Full/V1305.jpg', 'http://voguepatterns.mccall.com/newsletters/img.sewingtoday.com/cat/20000/add_img/V1305.gif', 'Semi-fitted, lined, pullover dress (fitted through hips) has draped right side extending into sleeve, left side slit, shoulder opening, and back opening with button/loop. Note shoulder opening can be worn as neck opening.'), (309, 1, '8870', 16, 'http://voguepatterns.mccall.com/v8870-products-44842.php?page_id=4489', 'http://voguepatterns.mccall.com/filebin/images/product_images/Full/V8870.jpg', 'http://voguepatterns.mccall.com/newsletters/img.sewingtoday.com/cat/20000/add_img/V8870.gif', 'Pullover dress has loose-fitting, blouson bodice variations, elasticized (seamed) waist, side pockets and narrow hem. Wrong side shows on back hemline. A mock wrap, front pleated bodice, and two-piece sleeves. Note no provisions provided for above waist adjustment. B elasticized upper back.'), (310, 1, '8489', 15, 'http://voguepatterns.mccall.com/v8489-products-8867.php?page_id=857', 'http://voguepatterns.mccall.com/filebin/images/product_images/Full/V8489.jpg', 'http://voguepatterns.mccall.com/newsletters/img.sewingtoday.com/cat/20000/add_img/V8489.gif', 'Mid-knee or mid-calf dress with fitted bodice, has self-faced neck band and midriff, sleeve variations and center back zipper. A contrast neck band and midriff. D contrast neck band, sleeve bands and midriff.'), (311, 1, '8915', 16, 'http://voguepatterns.mccall.com/v8915-products-46656.php?page_id=865', 'http://voguepatterns.mccall.com/filebin/images/product_images/Full/V8915.jpg', 'http://voguepatterns.mccall.com/newsletters/img.sewingtoday.com/cat/20000/add_img/V8915.gif', 'Linen, Gauze, Jerseys and Broadcloth.'), (312, 1, '8146', 16, 'http://voguepatterns.mccall.com/v8146-products-7079.php', 'http://voguepatterns.mccall.com/filebin/images/product_images/Full/V8146.jpg', 'http://voguepatterns.mccall.com/newsletters/img.sewingtoday.com/cat/20000/add_img/V8146.gif', 'Above hip length jacket has two-piece raglan three-quarter length sleeve, collar and back pleat with bow, front button opening. Sleeveless, straight dress has back zipper and slit.'), (313, 1, '2900', 30, 'http://voguepatterns.mccall.com/v2900-products-4891.php?page_id=857', 'http://voguepatterns.mccall.com/filebin/images/product_images/Full/V2900.jpg', 'http://voguepatterns.mccall.com/newsletters/img.sewingtoday.com/cat/20000/add_img/V2900.gif', 'Dresses A, B have bodice with angled seams, yoke and side front pockets, invisible zipper closing. A edgestitch finishing. B ribbon trim finishing. A, B flared skirt with narrow hem.'), (314, 1, '1032', 46, 'http://voguepatterns.mccall.com/v1032-products-7886.php', 'http://voguepatterns.mccall.com/filebin/images/product_images/Full/V1032.jpg', 'http://voguepatterns.mccall.com/newsletters/img.sewingtoday.com/cat/20000/add_img/V1032.gif', 'Close-fitting, lined, floor length dress has pleated front bodice, raised waistline and underlined skirt with invisible zipper closure and decorative buttons, contrast yoke front, bodice back and bands. Back hemline extends to form train.'), (315, 1, '8913', 16, 'http://voguepatterns.mccall.com/v8913-products-46654.php?page_id=864', 'http://voguepatterns.mccall.com/filebin/images/product_images/Full/V8913.jpg', 'http://voguepatterns.mccall.com/newsletters/img.sewingtoday.com/cat/20000/add_img/V8913.gif', 'Very loose-fitting, pullover tunic has side slits, narrow hem and purchased bias tape for neckline. B button tab on sleeves, wrong side shows on hemlines. Semi-fitted, tapered pants have waistband and side zipper. C side hemline slits.'), (316, 1, '1326', 35, 'http://voguepatterns.mccall.com/v1326-products-44595.php', 'http://voguepatterns.mccall.com/filebin/images/product_images/Full/V1326.jpg', 'http://voguepatterns.mccall.com/newsletters/img.sewingtoday.com/cat/20000/add_img/V1326.gif', 'Fitted, bias, lined dress has seam detail, unlined sleeves, and very narrow hems.'), (317, 1, '8697', 15, 'http://voguepatterns.mccall.com/v8697-products-13221.php?page_id=263', 'http://voguepatterns.mccall.com/filebin/images/product_images/Full/V8697.jpg', 'http://voguepatterns.mccall.com/newsletters/img.sewingtoday.com/cat/20000/add_img/V8697.gif', 'Semi-fitted, tapered, lined skirts A, B, C, D, E, F with shaped waistband, princess seams, back slit, topstitched trim and back zipper. A contrast waistband. D contrast sides. E button trim. A, B, C, D mid-knee length. E, F lower calf length.'), (318, 1, '1318', 6, 'http://voguepatterns.mccall.com/v1318-products-27091.php?page_id=852', 'http://voguepatterns.mccall.com/filebin/images/product_images/Full/V1318.jpg', 'http://voguepatterns.mccall.com/newsletters/img.sewingtoday.com/cat/20000/add_img/V1318.gif', 'Loose-fitting, lined vest has princess seams and piping. A pocket/flap (cut-in-one), front snap closing, and optional lining/piping. B contrast bias trim, bound-buttonholes, and topstitching. Detachable, lined collar has band, and optional button/snap. B tucks.'), (319, 1, '1333', 6, 'http://voguepatterns.mccall.com/v1333-products-44602.php', 'http://voguepatterns.mccall.com/filebin/images/product_images/Full/V1333.jpg', 'http://voguepatterns.mccall.com/newsletters/img.sewingtoday.com/cat/20000/add_img/V1333.gif', 'Blouse, loose-fitting through bust, has front and back extending into shaped sleeve (forming underarm drape) and front button closing. Loose-fitting skirt has elasticized waistband, and single layer, tucked drape (cut on crosswise grain), wrong side shows. Both have narrow hem.'), (320, 1, '8880', 16, 'http://voguepatterns.mccall.com/v8880-products-44852.php?page_id=174', 'http://voguepatterns.mccall.com/filebin/images/product_images/Full/V8880.jpg', 'http://voguepatterns.mccall.com/newsletters/img.sewingtoday.com/cat/20000/add_img/V8880.gif', 'Very loose-fitting, pullover top has neckline variations, elasticized (seamed) waist and stitched hem. A and B front neckline pleats, and purchased bias tape finishes neckline.'), (321, 1, '1272', 1, 'http://voguepatterns.mccall.com/v1272-products-15135.php?page_id=174', 'http://voguepatterns.mccall.com/filebin/images/product_images/Full/V1272.jpg', 'http://voguepatterns.mccall.com/newsletters/img.sewingtoday.com/cat/20000/add_img/V1272.gif', 'Lined dress has shoulder yokes, pleated front drape forming collar and sleeves with tacking, bias back drape, underarm gussets, fitted, interfaced, boned bodice with princess seams, semi-fitted skirt, bias self binding for belt/bow/armholes, lingerie straps and invisible back zipper/vent.'), (322, 1, '1224', 32, 'http://voguepatterns.mccall.com/v1224-products-13642.php?page_id=854', 'http://voguepatterns.mccall.com/filebin/images/product_images/Full/V1224.jpg', 'http://voguepatterns.mccall.com/newsletters/img.sewingtoday.com/cat/20000/add_img/V1224.gif', 'Partially lined, pullover dress has short dolman sleeves, elasticized waistline and neckline with tie ends, stitched hems and above mid-knee length. Purchased stoppers for tie ends.'), (323, 1, '8789', 11, 'http://voguepatterns.mccall.com/v8789-products-16431.php', 'http://voguepatterns.mccall.com/filebin/images/product_images/Full/V8789.jpg', 'http://voguepatterns.mccall.com/newsletters/img.sewingtoday.com/cat/20000/add_img/V8789.gif', 'Pullover dress has fitted bodice, skirt front/back cut-in-one, no right side seam, and left side zipper. A bias bodice. B button/loop shoulder closing, dress cut on crosswise grain of fabric. Bias, self-lined cummerbund has hook/eye closure.'), (324, 1, '1305', 12, 'http://voguepatterns.mccall.com/v1305-products-22879.php?page_id=174', 'http://voguepatterns.mccall.com/filebin/images/product_images/Full/V1305.jpg', 'http://voguepatterns.mccall.com/newsletters/img.sewingtoday.com/cat/20000/add_img/V1305.gif', 'Semi-fitted, lined, pullover dress (fitted through hips) has draped right side extending into sleeve, left side slit, shoulder opening, and back opening with button/loop. Note shoulder opening can be worn as neck opening.'), (325, 1, '1366', 2, 'http://voguepatterns.mccall.com/v1366-products-47543.php?page_id=320', 'http://voguepatterns.mccall.com/filebin/images/product_images/Full/V1366.jpg', 'http://voguepatterns.mccall.com/newsletters/img.sewingtoday.com/cat/20000/add_img/V1366.gif', 'Fitted top has collar, collar band, self-lined yoke and two-piece sleeves (cut-in-one) with pleats, placket, button cuff, pleated under sleeve, fly button closing and narrow hem. Semi-fitted, below waist, boot-legged pants have waistband with carrier and binding, side front pockets, back welt pockets, fly zipper closing and stitched creases.'), (326, 1, '1343', 32, 'http://voguepatterns.mccall.com/v1343-products-44837.php?page_id=174', 'http://voguepatterns.mccall.com/filebin/images/product_images/Full/V1343.jpg', 'http://voguepatterns.mccall.com/newsletters/img.sewingtoday.com/cat/20000/add_img/V1343.gif', 'Pullover, partially bias dress has very loose-fitting, lined bodice pleated into self-lined yokes, elastic (seamed) waist, pleated skirt right front (wrong side shows), french seams, back-button, loop, slit closing and side loops for purchased belt. Finish with bias self facings.'), (327, 1, '1320', 43, 'http://voguepatterns.mccall.com/v1320-products-27093.php?page_id=174', 'http://voguepatterns.mccall.com/filebin/images/product_images/Full/V1320.jpg', 'http://voguepatterns.mccall.com/newsletters/img.sewingtoday.com/cat/20000/add_img/V1320.gif', 'Semi-fitted, lined coat has rolled collar, yokes, side panels, no shoulder/side seams, side front pockets and two-piece (bias upper) sleeves.'), (328, 1, '1242', 17, 'http://voguepatterns.mccall.com/v1242-products-14153.php?page_id=947', 'http://voguepatterns.mccall.com/filebin/images/product_images/Full/V1242.jpg', 'http://voguepatterns.mccall.com/newsletters/img.sewingtoday.com/cat/20000/add_img/V1242.gif', 'Close-fitting, lined dress has left side seam invisible zipper and unlined overskirt.'), (329, 1, '8831', 37, 'http://voguepatterns.mccall.com/v8831-products-27106.php?page_id=4517', 'http://voguepatterns.mccall.com/filebin/images/product_images/Full/V8831.jpg', 'http://voguepatterns.mccall.com/newsletters/img.sewingtoday.com/cat/20000/add_img/V8831.gif', 'Close-fitting, pullover top and tunic have double-layered, draped collar, side front/side back seams and stitched hems. C narrow hem, back longer than front (wrong side shows). A, B, C, D cup sizes.'), (330, 1, '1353', 17, 'http://voguepatterns.mccall.com/v1353-products-46629.php?page_id=857', 'http://voguepatterns.mccall.com/filebin/images/product_images/Full/V1353.jpg', 'http://voguepatterns.mccall.com/newsletters/img.sewingtoday.com/cat/20000/add_img/V1353.gif', 'Lined dress has front neckline pleats, close-fitting bodice (slightly above waist), pleated skirt, thread loops, and invisible back zipper. Hem is topstitched in place by hand. Purchased belt.'), (331, 1, '8685', 15, 'http://voguepatterns.mccall.com/v8685-products-13209.php?page_id=855', 'http://voguepatterns.mccall.com/filebin/images/product_images/Full/V8685.jpg', 'http://voguepatterns.mccall.com/newsletters/img.sewingtoday.com/cat/20000/add_img/V8685.gif', 'Close-fitting, mid-knee or below mid-calf length dresses A, B, C, D, E, F have bodice with pleats and darts, midriff, yoke, topstitched trim and back zipper. A, B, D, E cap raglan sleeves. C, F long raglan sleeves. A, B, C tapered, back slit and stitched hem. D, E, F flared with narrow hem.'), (332, 1, '1334', 6, 'http://voguepatterns.mccall.com/v1334-products-44603.php?page_id=863', 'http://voguepatterns.mccall.com/filebin/images/product_images/Full/V1334.jpg', 'http://voguepatterns.mccall.com/newsletters/img.sewingtoday.com/cat/20000/add_img/V1334.gif', 'Very loose-fitting, bias, pullover top has draped front neckline, extended shoulders, lower left side gusset, and lower band extends into tie ends. A topstitched armholes. Loose-fitting, wide-legged pants have elasticized waist.'), (333, 1, '8882', 15, 'http://voguepatterns.mccall.com/v8882-products-44854.php?page_id=263', 'http://voguepatterns.mccall.com/filebin/images/product_images/Full/V8882.jpg', 'http://voguepatterns.mccall.com/newsletters/img.sewingtoday.com/cat/20000/add_img/V8882.gif', 'Flared skirt (cut on crosswise grain) has waistband, pleats and back zipper. A,B and D interfaced hemline. D attached tie ends. E shaped hemline, wrong side shows. C, E and F narrow hem.'), (334, 1, '1352', 20, 'http://voguepatterns.mccall.com/v1352-products-46628.php?page_id=857', 'http://voguepatterns.mccall.com/filebin/images/product_images/Full/V1352.jpg', 'http://voguepatterns.mccall.com/newsletters/img.sewingtoday.com/cat/20000/add_img/V1352.gif', 'Very loose-fitting, pullover dress has neck binding, mock wrap bodice, elasticized (seamed) waist, and stitched hems.'), (335, 1, '8780', 16, 'http://voguepatterns.mccall.com/v8780-products-15160.php', 'http://voguepatterns.mccall.com/filebin/images/product_images/Full/V8780.jpg', 'http://voguepatterns.mccall.com/newsletters/img.sewingtoday.com/cat/20000/add_img/V8780.gif', 'Fitted, unlined jacket (does not meet at center front) has front extending into collar, wrong side shows, side pockets, stitched hem on collar/sleeves, and raw-edge finish on hem. B shown overlapped. Semi-fitted, straight-legged pants have waistband, elasticized tie ends and stitched hems. Purchased ribbon for tie ends.'), (336, 1, '8731', 16, 'http://voguepatterns.mccall.com/v8731-products-14169.php?page_id=866', 'http://voguepatterns.mccall.com/filebin/images/product_images/Full/V8731.jpg', 'http://voguepatterns.mccall.com/newsletters/img.sewingtoday.com/cat/20000/add_img/V8731.gif', 'Pullover tops A, B and tunic C are close-fitting through bust.'), (337, 1, '8926', 16, 'http://voguepatterns.mccall.com/v8926-products-47553.php?page_id=260', 'http://voguepatterns.mccall.com/filebin/images/product_images/Full/V8926.jpg', 'http://voguepatterns.mccall.com/newsletters/img.sewingtoday.com/cat/20000/add_img/V8926.gif', 'Loose-fitting, wrap top has front extending into collar, and attached tie ends. A narrow hem. B and C wrong side will show on single-layer collar and front opening, and purchased bias tape for trim.'), (338, 1, '8573', 16, 'http://voguepatterns.mccall.com/v8573-products-9955.php?page_id=857', 'http://voguepatterns.mccall.com/filebin/images/product_images/Full/V8573.jpg', 'http://voguepatterns.mccall.com/newsletters/img.sewingtoday.com/cat/20000/add_img/V8573.gif', 'Slim-fitting, lined dresses A, B have front and back darts, back slit, back zipper, collar and tie in one and two-piece raglan sleeves with length variations. B three-quarter length sleeves with split cuffs. A, B mid-knee length.'), (339, 1, '8743', 37, 'http://voguepatterns.mccall.com/v8743-products-14713.php?page_id=857', 'http://voguepatterns.mccall.com/filebin/images/product_images/Full/V8743.jpg', 'http://voguepatterns.mccall.com/newsletters/img.sewingtoday.com/cat/20000/add_img/V8743.gif', 'Close fitting bodice. A,B,C,D Cup Sizes.'), (340, 1, '1342', 18, 'http://voguepatterns.mccall.com/v1342-products-44836.php?page_id=311', 'http://voguepatterns.mccall.com/filebin/images/product_images/Full/V1342.jpg', 'http://voguepatterns.mccall.com/newsletters/img.sewingtoday.com/cat/20000/add_img/V1342.gif', 'Very close-fitting, lined dress has front, back and shoulder straps cut-in-one, no side seam, bias, gathered upper left front, pleated and gathered back, and stitched hem.'), (341, 1, '8813', 36, 'http://voguepatterns.mccall.com/v8813-products-22895.php?page_id=174', 'http://voguepatterns.mccall.com/filebin/images/product_images/Full/V8813.jpg', 'http://voguepatterns.mccall.com/newsletters/img.sewingtoday.com/cat/20000/add_img/V8813.gif', 'Pullover dress (semi-fitted through bust) has gathered front extending into back collar, side front seams, draped lower side front with pockets, and stitched hems. A pleat and button trim on pockets. A and C narrow hem on cap sleeves.'), (342, 1, '8833', 15, 'http://voguepatterns.mccall.com/v8833-products-27108.php?page_id=259', 'http://voguepatterns.mccall.com/filebin/images/product_images/Full/V8833.jpg', 'http://voguepatterns.mccall.com/newsletters/img.sewingtoday.com/cat/20000/add_img/V8833.gif', 'Fitted, wrap blouse has collar band, princess seams, forward shoulder seams, mock front bands, tie ends, narrow hems and topstitching. B sleeve bands. A, B, and C collar. C and F sleeves with continuous lap and button cuffs. A,B,C,D cup sizes.'), (343, 1, '8919', 16, 'http://voguepatterns.mccall.com/v8919-products-47546.php?page_id=857', 'http://voguepatterns.mccall.com/filebin/images/product_images/Full/V8919.jpg', 'http://voguepatterns.mccall.com/newsletters/img.sewingtoday.com/cat/20000/add_img/V8919.gif', 'Pullover dress (close-fitting through bust) has seam detail, and stitched hems. B side pockets and narrow hem.'), (344, 1, '8791', 22, 'http://voguepatterns.mccall.com/v8791-products-16433.php?page_id=174', 'http://voguepatterns.mccall.com/filebin/images/product_images/Full/V8791.jpg', 'http://voguepatterns.mccall.com/newsletters/img.sewingtoday.com/cat/20000/add_img/V8791.gif', 'Semi-fitted, mock wrap, pullover top or tunic has collar, self-lined upper front and shaped hemline with very narrow hem. B stitched hem on sleeves. C sleeves pleated into button cuffs with seam opening. A, B, C, D cup sizes.'), (345, 1, '8786', 16, 'http://voguepatterns.mccall.com/v8786-products-16428.php?page_id=856', 'http://voguepatterns.mccall.com/filebin/images/product_images/Full/V8786.jpg', 'http://voguepatterns.mccall.com/newsletters/img.sewingtoday.com/cat/20000/add_img/V8786.gif', 'Loose-fitting, pullover dress (fitted through bust) has back neck slit with hook/eye closing and narrow hem. Purchased bias tape finishes necklines, and armholes A.'), (346, 1, '8904', 36, 'http://voguepatterns.mccall.com/v8904-products-46645.php?page_id=857', 'http://voguepatterns.mccall.com/filebin/images/product_images/Full/V8904.jpg', 'http://voguepatterns.mccall.com/newsletters/img.sewingtoday.com/cat/20000/add_img/V8904.gif', 'Close-fitting, pullover dress has self neck binding, tiers, and raw edge finish. A sleeves. B self armhole binding'), (347, 1, '8886', 37, 'http://voguepatterns.mccall.com/v8886-products-44858.php?page_id=864', 'http://voguepatterns.mccall.com/filebin/images/product_images/Full/V8886.jpg', 'http://voguepatterns.mccall.com/newsletters/img.sewingtoday.com/cat/20000/add_img/V8886.gif', 'Fitted, lined top or dress has collar and princess seam. Semi-fitted, tapered pants have contour waist. A, B and C back zipper. Custom Fit for A, B, C, D cup sizes.'), (348, 1, '8894', 37, 'http://voguepatterns.mccall.com/v8894-products-46635.php?page_id=4515', 'http://voguepatterns.mccall.com/filebin/images/product_images/Full/V8894.jpg', 'http://voguepatterns.mccall.com/newsletters/img.sewingtoday.com/cat/20000/add_img/V8894.gif', 'Dress has close-fitting bodice, raised waist, hemline variations (wrong side shows), and back zipper. Narrow hem A and sleeves B. B fitted through hips, and stitched hem. A, B, C, D cup sizes.'), (349, 1, '1231', 1, 'http://voguepatterns.mccall.com/v1231-products-13649.php?page_id=944', 'http://voguepatterns.mccall.com/filebin/images/product_images/Full/V1231.jpg', 'http://voguepatterns.mccall.com/newsletters/img.sewingtoday.com/cat/20000/add_img/V1231.gif', 'Lined, straight, fitted dress, below mid-knee has short sleeves with slit, princess seamed bodice, darts in skirt, back vent and invisible zipper. Pleated tie and peplum forms bow at back.'), (350, 1, '1333', 6, 'http://voguepatterns.mccall.com/v1333-products-44602.php?page_id=865', 'http://voguepatterns.mccall.com/filebin/images/product_images/Full/V1333.jpg', 'http://voguepatterns.mccall.com/newsletters/img.sewingtoday.com/cat/20000/add_img/V1333.gif', 'Blouse, loose-fitting through bust, has front and back extending into shaped sleeve (forming underarm drape) and front button closing. Loose-fitting skirt has elasticized waistband, and single layer, tucked drape (cut on crosswise grain), wrong side shows. Both have narrow hem.'), (351, 1, '1346', 18, 'http://voguepatterns.mccall.com/v1346-products-44840.php?page_id=174', 'http://voguepatterns.mccall.com/filebin/images/product_images/Full/V1346.jpg', 'http://voguepatterns.mccall.com/newsletters/img.sewingtoday.com/cat/20000/add_img/V1346.gif', 'Very loose-fitting, unlined jacket has collar, front and sleeves cut-in-one (wrong side shows), side front seams/pockets, stitched hems and shaped hemline.'), (352, 1, '1348', 35, 'http://voguepatterns.mccall.com/v1348-products-46624.php?page_id=294', 'http://voguepatterns.mccall.com/filebin/images/product_images/Full/V1348.jpg', 'http://voguepatterns.mccall.com/newsletters/img.sewingtoday.com/cat/20000/add_img/V1348.gif', 'Underlined, lined dress (close-fitting through bust) has side and princess seam pleats, side pockets, ruffled petticoat attached to lining, and invisible back zipper. Petticoat ruffle is cut on crosswise grain.'), (353, 1, '1323', 8, 'http://voguepatterns.mccall.com/v1323-products-27096.php', 'http://voguepatterns.mccall.com/filebin/images/product_images/Full/V1323.jpg', 'http://voguepatterns.mccall.com/newsletters/img.sewingtoday.com/cat/20000/add_img/V1323.gif', 'Loose-fitting, pullover top has collar, front button bands, self-lined yoke, forward shoulder seams, flaps, pleated pockets, and sleeves with pleats, button cuffs and continuous lap. Narrow hem. Collar, bands, yokes cut on crosswise grain of fabric. Pants (loose-fitting through hips) have elastic waist/leg bands, side front/back welt pockets, fly front zipper and hook/eye closure.'), (354, 1, '1364', 6, 'http://voguepatterns.mccall.com/v1364-products-47541.php', 'http://voguepatterns.mccall.com/filebin/images/product_images/Full/V1364.jpg', 'http://voguepatterns.mccall.com/newsletters/img.sewingtoday.com/cat/20000/add_img/V1364.gif', 'Very loose-fitting, unlined jacket has front extending into collar, front tucks, optional side pockets, side back seams, sleeves with fold-back cuff, and shaped front hemline. Wrong side shows on collar and front opening. A self fringe and puchased trim. B back tucks and narrow hem.'), (355, 1, '1344', 20, 'http://voguepatterns.mccall.com/v1344-products-44838.php?page_id=854', 'http://voguepatterns.mccall.com/filebin/images/product_images/Full/V1344.jpg', 'http://voguepatterns.mccall.com/newsletters/img.sewingtoday.com/cat/20000/add_img/V1344.gif', 'Pullover, mock wrap, lined dress has shoulder pleats, loose-fitting bodice, elasticized, seamed waist, front overlay (wrong side shows), bias armhole bands, and very narrow hem.'), (356, 1, '1258', 45, 'http://voguepatterns.mccall.com/v1258-products-14705.php?page_id=174', 'http://voguepatterns.mccall.com/filebin/images/product_images/Full/V1258.jpg', 'http://voguepatterns.mccall.com/newsletters/img.sewingtoday.com/cat/20000/add_img/V1258.gif', 'Close-fitting dress has side slant pockets.'), (357, 1, '7848', 15, 'http://voguepatterns.mccall.com/v7848-products-26.php?page_id=940', 'http://voguepatterns.mccall.com/filebin/images/product_images/Full/V7848.jpg', 'http://voguepatterns.mccall.com/newsletters/img.sewingtoday.com/cat/20000/add_img/V7848.gif', 'Straps with purchased ribbon belt. B, C strapless. B ribbon trim. D band and tie back straps. E tie back straps. F ribbon trim and straps.'), (358, 1, '8883', 40, 'http://voguepatterns.mccall.com/v8883-products-44855.php?page_id=264', 'http://voguepatterns.mccall.com/filebin/images/product_images/Full/V8883.jpg', 'http://voguepatterns.mccall.com/newsletters/img.sewingtoday.com/cat/20000/add_img/V8883.gif', 'Semi-fitted shorts or tapered pants have self-lined yokes, side front and back seams and back zipper. C narrow hems. D tie ends and cuffs. C and D side slits and purchased trim. A, B and E stitched hems.'), (359, 1, '8667', 15, 'http://voguepatterns.mccall.com/v8667-products-11347.php?page_id=857', 'http://voguepatterns.mccall.com/filebin/images/product_images/Full/V8667.jpg', 'http://voguepatterns.mccall.com/newsletters/img.sewingtoday.com/cat/20000/add_img/V8667.gif', 'Lined, mid-knee length dresses A, B, C, D, E, F have fitted bodice, princess seams, A-line or straight skirt and back zipper. A, B, C front pleated skirt. E contrast skirt. B, C, E cap sleeves. D, E, F back hemline slit. A, B, D, E collar. Purchased belt.'), (360, 1, '8814', 22, 'http://voguepatterns.mccall.com/v8814-products-22896.php?page_id=861', 'http://voguepatterns.mccall.com/filebin/images/product_images/Full/V8814.jpg', 'http://voguepatterns.mccall.com/newsletters/img.sewingtoday.com/cat/20000/add_img/V8814.gif', 'Lined dress has neckline variations, bias bodice/lower front and back, and back zipper. A close-fitting through bust. B and C shoulder straps, fitted through bust. A, B, C, D cup sizes. Note no provisions provided for above waist adjustments.'), (361, 1, '1355', 34, 'http://voguepatterns.mccall.com/v1355-products-46631.php?page_id=852', 'http://voguepatterns.mccall.com/filebin/images/product_images/Full/V1355.jpg', 'http://voguepatterns.mccall.com/newsletters/img.sewingtoday.com/cat/20000/add_img/V1355.gif', 'Pullover, lined top (close-fitting through bust) has cut-in back armholes. Pants (very loose-fitting through hips) have waistband, inside leg drape, no side seams, and tapered lower edge. A, B, C narrow hem.'), (362, 1, '8839', 36, 'http://voguepatterns.mccall.com/v8839-products-27114.php', 'http://voguepatterns.mccall.com/filebin/images/product_images/Full/V8839.jpg', 'http://voguepatterns.mccall.com/newsletters/img.sewingtoday.com/cat/20000/add_img/V8839.gif', 'Loose-fitting jacket has contrast reverse side, front extending into collar, collar/front/sleeve/lower bands, side front seams, welt pockets, darted sleeve cap, no shoulder seams, and topstitching. Bands (collar, sleeve, lower) cut on crosswise grain of fabric.'), (363, 1, '1259', 18, 'http://voguepatterns.mccall.com/v1259-products-14706.php?page_id=862', 'http://voguepatterns.mccall.com/filebin/images/product_images/Full/V1259.jpg', 'http://voguepatterns.mccall.com/newsletters/img.sewingtoday.com/cat/20000/add_img/V1259.gif', 'Close fitting. No provision provided for above waist adjustment. Raw edges of fabric will show on front and back seams of both garments.'), (364, 1, '2880', 1, 'http://voguepatterns.mccall.com/v2880-products-6838.php', 'http://voguepatterns.mccall.com/filebin/images/product_images/Full/V2880.jpg', 'http://voguepatterns.mccall.com/newsletters/img.sewingtoday.com/cat/20000/add_img/V2880.gif', 'Lined dress, flared, below mid-knee or floor-length has ruffles (wrong side may show), close-fitting foundation with boning, laced left side panel and right side zipper. B shaped hemline.'), (365, 1, '8725', 37, 'http://voguepatterns.mccall.com/v8725-products-14164.php?page_id=942', 'http://voguepatterns.mccall.com/filebin/images/product_images/Full/V8725.jpg', 'http://voguepatterns.mccall.com/newsletters/img.sewingtoday.com/cat/20000/add_img/V8725.gif', 'A, B Close-fitting and lined. A/B, C, D cup sizes. No provision made for above waistline adjustments.'), (366, 1, '1267', 35, 'http://voguepatterns.mccall.com/v1267-products-15130.php?page_id=174', 'http://voguepatterns.mccall.com/filebin/images/product_images/Full/V1267.jpg', 'http://voguepatterns.mccall.com/newsletters/img.sewingtoday.com/cat/20000/add_img/V1267.gif', 'Close-fitting, lined dress has decorative shoulder and side darts, lingerie straps and invisible back zipper.'), (367, 1, '1302', 17, 'http://voguepatterns.mccall.com/v1302-products-22876.php?page_id=174', 'http://voguepatterns.mccall.com/filebin/images/product_images/Full/V1302.jpg', 'http://voguepatterns.mccall.com/newsletters/img.sewingtoday.com/cat/20000/add_img/V1302.gif', 'Close-fitting, lined dress (fitted through hips) has insets, bias sides/drapes, and invisible back zipper/vent. Back drape is cut on crosswise grain of fabric.'), (368, 1, '8841', 7, 'http://voguepatterns.mccall.com/v8841-products-27116.php?page_id=265', 'http://voguepatterns.mccall.com/filebin/images/product_images/Full/V8841.jpg', 'http://voguepatterns.mccall.com/newsletters/img.sewingtoday.com/cat/20000/add_img/V8841.gif', 'Loose-fitting, lined jacket has collar, side pockets, back vent and belt. Lined, detachable collar has elastic loops. D band. Semi-fitted skirt E has slightly raised waist, side front pockets, front vent and back zipper. Fitted, skirt F has elastic waist.'), (369, 1, '7963', 16, 'http://voguepatterns.mccall.com/v7963-products-624.php?page_id=857', 'http://voguepatterns.mccall.com/filebin/images/product_images/Full/V7963.jpg', 'http://voguepatterns.mccall.com/newsletters/img.sewingtoday.com/cat/20000/add_img/V7963.gif', 'Semi-fitted, lined top, below waist has princess seams, collar, double breasted snap closing and elbow or full length sleeves. A-line or slightly flared skirt, mid-knee or full length has waistband and back zipper.'), (370, 1, '8904', 36, 'http://voguepatterns.mccall.com/v8904-products-46645.php?page_id=855', 'http://voguepatterns.mccall.com/filebin/images/product_images/Full/V8904.jpg', 'http://voguepatterns.mccall.com/newsletters/img.sewingtoday.com/cat/20000/add_img/V8904.gif', 'Close-fitting, pullover dress has self neck binding, tiers, and raw edge finish. A sleeves. B self armhole binding'), (371, 1, '8789', 11, 'http://voguepatterns.mccall.com/v8789-products-16431.php?page_id=174', 'http://voguepatterns.mccall.com/filebin/images/product_images/Full/V8789.jpg', 'http://voguepatterns.mccall.com/newsletters/img.sewingtoday.com/cat/20000/add_img/V8789.gif', 'Pullover dress has fitted bodice, skirt front/back cut-in-one, no right side seam, and left side zipper. A bias bodice. B button/loop shoulder closing, dress cut on crosswise grain of fabric. Bias, self-lined cummerbund has hook/eye closure.'), (372, 1, '7762', NULL, 'http://voguepatterns.mccall.com/v7762-products-4349.php?page_id=855', 'http://voguepatterns.mccall.com/filebin/images/product_images/Full/V7762.jpg', 'http://voguepatterns.mccall.com/newsletters/img.sewingtoday.com/cat/20000/add_img/V7762.gif', 'elbow length sleeves. B long sleeves. C longer than regular length, two-piece sleeves with slit/shaped hemline and narrow hem.'), (373, 1, '8724', 37, 'http://voguepatterns.mccall.com/v8724-products-14163.php', 'http://voguepatterns.mccall.com/filebin/images/product_images/Full/V8724.jpg', 'http://voguepatterns.mccall.com/newsletters/img.sewingtoday.com/cat/20000/add_img/V8724.gif', 'A, B Close-fitting, in two lengths with overlapping front pleats.'), (374, 1, '1312', 44, 'http://voguepatterns.mccall.com/v1312-products-27085.php', 'http://voguepatterns.mccall.com/filebin/images/product_images/Full/V1312.jpg', 'http://voguepatterns.mccall.com/newsletters/img.sewingtoday.com/cat/20000/add_img/V1312.gif', 'Pullover dress has close-fitting, self-lined bodice, raised waist, seamed skirt, stitched hem, and invisible side zipper.'), (375, 1, '8726', 16, 'http://voguepatterns.mccall.com/v8726-products-14165.php?page_id=942', 'http://voguepatterns.mccall.com/filebin/images/product_images/Full/V8726.jpg', 'http://voguepatterns.mccall.com/newsletters/img.sewingtoday.com/cat/20000/add_img/V8726.gif', 'A, B Close-fitting and lined. No provision made for above waist adjustment.'), (376, 1, '1315', 20, 'http://voguepatterns.mccall.com/v1315-products-27088.php?page_id=1113', 'http://voguepatterns.mccall.com/filebin/images/product_images/Full/V1315.jpg', 'http://voguepatterns.mccall.com/newsletters/img.sewingtoday.com/cat/20000/add_img/V1315.gif', 'Loose-fitting, pullover dress (semi-fitted through bust) has double-layer neck band with raw edge finish, blouson bodice, elastic, seamed waist, side front pockets, front pleats, and stitched hems.');
UNLOCK TABLES;


LOCK TABLES `patterns_garment_type` WRITE;
INSERT INTO `patterns_garment_type` (`pattern_id`, `garment_type_id`) VALUES (61, 1), (61, 19), (62, 1), (63, 5), (64, 1), (65, 1), (65, 19), (66, 1), (67, 1), (68, 1), (69, 1), (70, 18), (71, 1), (72, 1), (73, 1), (74, 1), (75, 1), (76, 1), (76, 19), (77, 1), (78, 1), (79, 1), (80, 3), (81, 1), (82, 1), (83, 3), (84, 1), (85, 3), (86, 1), (86, 19), (87, 1), (88, 1), (89, 5), (89, 2), (90, 1), (90, 19), (91, 5), (92, 1), (93, 5), (94, 5), (95, 1), (96, 5), (96, 2), (97, 1), (98, 6), (99, 1), (100, 1), (101, 5), (102, 5), (103, 2), (104, 1), (105, 1), (106, 1), (107, 5), (108, 1), (108, 19), (109, 1), (110, 8), (111, 2), (112, 1), (113, 1), (114, 1), (115, 1), (116, 3), (117, 1), (118, 1), (119, 5), (119, 2), (120, 5), (120, 2), (121, 1), (122, 1), (123, 1), (124, 1), (125, 5), (125, 2), (126, 1), (127, 1), (127, 19), (128, 1), (128, 19), (129, 5), (129, 6), (130, 9), (131, 1), (132, 1), (133, 5), (133, 8), (134, 1), (135, 1), (136, 1), (137, 1), (138, 1), (138, 19), (139, 1), (140, 1), (141, 6), (141, 8), (142, 1), (142, 19), (143, 3), (144, 1), (144, 19), (145, 1), (146, 6), (147, 1), (148, 9), (149, 1), (150, 1), (151, 1), (152, 3), (152, 12), (153, 5), (154, 5), (155, 1), (156, 1), (157, 1), (158, 1), (159, 1), (160, 1), (161, 3), (161, 6), (162, 1), (163, 1), (164, 1), (165, 5), (166, 3), (167, 6), (168, 1), (169, 1), (170, 1), (171, 3), (171, 6), (172, 1), (173, 1), (174, 1), (175, 5), (176, 3), (177, 6), (178, 1), (179, 3), (180, 1), (181, 2), (182, 1), (183, 1), (183, 19), (184, 5), (184, 6), (185, 1), (185, 19), (186, 1), (187, 5), (187, 6), (188, 1), (189, 1), (190, 1), (191, 2), (192, 1), (192, 19), (193, 5), (194, 1), (195, 1), (196, 1), (197, 3), (198, 1), (199, 1), (200, 2), (201, 1), (201, 19), (202, 1), (202, 19), (203, 1), (204, 2), (205, 1), (206, 6), (206, 8), (207, 5), (208, 1), (209, 5), (210, 1), (211, 1), (212, 1), (213, 5), (213, 6), (213, 2), (214, 1), (215, 1), (216, 1), (217, 1), (218, 1), (218, 19), (219, 1), (219, 19), (220, 5), (220, 2), (221, 1), (222, 1), (223, 3), (224, 9), (225, 3), (225, 6), (226, 5), (226, 6), (227, 3), (228, 1), (229, 1), (230, 1), (231, 1), (231, 5), (231, 6), (232, 1), (233, 1), (233, 19), (234, 1), (235, 0), (236, 1), (237, 1), (237, 5), (237, 6), (238, 9), (239, 1), (239, 19), (240, 1), (240, 19), (241, 2), (242, 1), (242, 19), (243, 1), (244, 1), (245, 5), (245, 8), (246, 1), (246, 19), (247, 1), (248, 1), (248, 19), (249, 6), (249, 8), (250, 1), (251, 1), (252, 5), (253, 5), (254, 5), (255, 3), (256, 1), (257, 1), (258, 1), (259, 1), (260, 1), (260, 19), (261, 19), (261, 0), (262, 3), (262, 6), (263, 1), (264, 1), (265, 6), (266, 5), (267, 1), (268, 1), (269, 1), (269, 19), (270, 1), (271, 1), (272, 5), (273, 9), (274, 1), (275, 6), (276, 1), (277, 2), (278, 5), (279, 1), (280, 1), (281, 5), (281, 2), (282, 1), (283, 5), (283, 8), (284, 1), (285, 1), (286, 1), (287, 1), (287, 19), (288, 1), (289, 1), (290, 1), (291, 1), (292, 1), (293, 1), (293, 19), (294, 5), (295, 3), (296, 1), (297, 1), (298, 5), (299, 1), (300, 1), (301, 1), (302, 1), (303, 5), (303, 2), (304, 1), (305, 6), (306, 1), (307, 1), (307, 19), (308, 1), (309, 1), (310, 1), (311, 1), (311, 5), (311, 6), (312, 3), (312, 1), (312, 19), (313, 1), (313, 19), (314, 1), (315, 6), (315, 8), (316, 1), (317, 19), (317, 2), (318, 12), (319, 2), (320, 5), (321, 1), (322, 1), (323, 1), (323, 19), (324, 1), (325, 5), (325, 6), (326, 1), (327, 9), (328, 1), (329, 5), (329, 8), (330, 1), (330, 19), (331, 1), (332, 5), (332, 6), (333, 2), (334, 1), (335, 3), (335, 6), (336, 5), (336, 8), (337, 5), (338, 1), (339, 1), (339, 19), (340, 1), (341, 1), (343, 1), (344, 5), (344, 8), (345, 1), (346, 1), (347, 1), (347, 5), (347, 6), (348, 1), (349, 1), (350, 2), (351, 3), (352, 1), (352, 19), (353, 5), (353, 6), (354, 3), (355, 1), (356, 1), (357, 1), (357, 19), (358, 7), (358, 6), (358, 19), (359, 1), (359, 19), (360, 1), (361, 5), (361, 6), (362, 3), (363, 5), (363, 2), (364, 1), (365, 1), (366, 1), (367, 1), (368, 3), (368, 2), (369, 5), (369, 19), (369, 2), (370, 1), (371, 1), (371, 19), (372, 1), (373, 1), (374, 1), (375, 1), (376, 1);
UNLOCK TABLES;


LOCK TABLES `patterns_pattern_for` WRITE;
INSERT INTO `patterns_pattern_for` (`pattern_id`, `pattern_for_id`) VALUES (61, 2), (62, 2), (63, 2), (64, 2), (65, 2), (66, 2), (67, 2), (68, 2), (69, 2), (70, 2), (71, 2), (72, 2), (73, 2), (74, 2), (75, 2), (76, 2), (77, 2), (78, 2), (79, 2), (80, 2), (81, 2), (82, 2), (83, 2), (84, 2), (85, 2), (86, 2), (87, 2), (88, 2), (89, 2), (90, 2), (91, 2), (92, 2), (93, 2), (94, 2), (95, 2), (96, 2), (97, 2), (98, 2), (99, 2), (100, 2), (101, 2), (102, 2), (103, 2), (104, 2), (105, 2), (106, 2), (107, 2), (108, 2), (109, 2), (110, 2), (111, 2), (112, 2), (113, 2), (114, 2), (115, 2), (116, 2), (117, 2), (118, 2), (119, 2), (120, 2), (121, 2), (122, 2), (123, 2), (124, 2), (125, 2), (126, 2), (127, 2), (128, 2), (129, 2), (130, 2), (131, 2), (132, 2), (133, 2), (134, 2), (135, 2), (136, 2), (137, 2), (138, 2), (139, 2), (140, 2), (141, 2), (142, 2), (143, 2), (144, 2), (145, 2), (146, 2), (147, 2), (148, 2), (149, 2), (150, 2), (151, 2), (152, 2), (153, 2), (154, 2), (155, 2), (156, 2), (157, 2), (158, 2), (159, 2), (160, 2), (161, 2), (162, 2), (163, 2), (164, 2), (165, 2), (166, 2), (167, 2), (168, 2), (169, 2), (170, 2), (171, 2), (172, 2), (173, 2), (174, 2), (175, 2), (176, 2), (177, 2), (178, 2), (179, 2), (180, 2), (181, 2), (182, 2), (183, 2), (184, 2), (185, 2), (186, 2), (187, 2), (188, 2), (189, 2), (190, 2), (191, 2), (192, 2), (193, 2), (194, 2), (195, 2), (196, 2), (197, 2), (198, 2), (199, 2), (200, 2), (201, 2), (202, 2), (203, 2), (204, 2), (205, 2), (206, 2), (207, 2), (208, 2), (209, 2), (210, 2), (211, 2), (212, 2), (213, 2), (214, 2), (215, 2), (216, 2), (217, 2), (218, 2), (219, 2), (220, 2), (221, 2), (222, 2), (223, 2), (224, 2), (225, 2), (226, 2), (227, 2), (228, 2), (229, 2), (230, 2), (231, 2), (232, 2), (233, 2), (234, 2), (235, 2), (236, 2), (237, 2), (238, 2), (239, 2), (240, 2), (241, 2), (242, 2), (243, 2), (244, 2), (245, 2), (246, 2), (247, 2), (248, 2), (249, 2), (250, 2), (251, 2), (252, 2), (253, 2), (254, 2), (255, 2), (256, 2), (257, 2), (258, 2), (259, 2), (260, 2), (261, 2), (262, 2), (263, 2), (264, 2), (265, 2), (266, 2), (267, 2), (268, 2), (269, 2), (270, 2), (271, 2), (272, 2), (273, 2), (274, 2), (275, 2), (276, 2), (277, 2), (278, 2), (279, 2), (280, 2), (281, 2), (282, 2), (283, 2), (284, 2), (285, 2), (286, 2), (287, 2), (288, 2), (289, 2), (290, 2), (291, 2), (292, 2), (293, 2), (294, 2), (295, 2), (296, 2), (297, 2), (298, 2), (299, 2), (300, 2), (301, 2), (302, 2), (303, 2), (304, 2), (305, 2), (306, 2), (307, 2), (308, 2), (309, 2), (310, 2), (311, 2), (312, 2), (313, 2), (314, 2), (315, 2), (316, 2), (317, 2), (318, 2), (319, 2), (320, 2), (321, 2), (322, 2), (323, 2), (324, 2), (325, 2), (326, 2), (327, 2), (328, 2), (329, 2), (330, 2), (331, 2), (332, 2), (333, 2), (334, 2), (335, 2), (336, 2), (337, 2), (338, 2), (339, 2), (340, 2), (341, 2), (342, 2), (343, 2), (344, 2), (345, 2), (346, 2), (347, 2), (348, 2), (349, 2), (350, 2), (351, 2), (352, 2), (353, 2), (354, 2), (355, 2), (356, 2), (357, 2), (358, 2), (359, 2), (360, 2), (361, 2), (362, 2), (363, 2), (364, 2), (365, 2), (366, 2), (367, 2), (368, 2), (369, 2), (370, 2), (371, 2), (372, 2), (373, 2), (374, 2), (375, 2), (376, 2);
UNLOCK TABLES;




SET FOREIGN_KEY_CHECKS = 1;


